Rank,Account,本家(我方),小軸(我方),勝負,先後攻,本家(敵方),小軸(敵方),備註,Date,Season
金5,儀式,御巫,無,X,後攻,冰結界,無,,2024/8/3,S32
金5,儀式,御巫,無,O,先攻,電子龍,無,,2024/8/3,S32
白金5,本帳,珠淚,荷魯斯,O,後攻,聖邪璃琴,無,,2024/8/3,S32
白金5,本帳,珠淚,荷魯斯,O,後攻,百夫,無,,2024/8/3,S32
鑽5,主流,R-ACE,無,O,後攻,炎獸,無,,2024/8/3,S32
鑽5,主流,R-ACE,無,X,後攻,恐啡肽,無,,2024/8/3,S32
鑽5,主流,R-ACE,無,X,後攻,珠淚,荷魯斯,60 14+64+荷魯斯,2024/8/3,S32
鑽4,尤,雷精,鐵獸,O,後攻,烙印,無,60烙,2024/8/3,S32
鑽4,尤,雷精,鐵獸,X,後攻,百夫,無,,2024/8/3,S32
鑽4,尤,雷精,鐵獸,X,後攻,破械,無,,2024/8/3,S32
鑽4,尤,雷精,鐵獸,O,後攻,尤貝爾,破械,,2024/8/3,S32
鑽4,尤,雷精,鐵獸,X,後攻,64壞,無,次元,2024/8/3,S32
鑽4,尤,雷精,鐵獸,O,先攻,64壞,荷魯斯,,2024/8/3,S32
鑽4,尤,雷精,鐵獸,O,先攻,古生物,無,,2024/8/3,S32
鑽4,尤,雷精,鐵獸,O,後攻,尤貝爾,雷精,,2024/8/3,S32
鑽4,尤,雷精,鐵獸,X,後攻,珠淚,64壞,,2024/8/3,S32
金4,烙印,烙印,無,O,先攻,白龍,無,,2024/8/3,S32
金4,烙印,烙印,無,O,後攻,相劍,無,,2024/8/3,S32
金4,烙印,烙印,無,X,先攻,銀河眼,無,銀河眼後攻FTK,2024/8/3,S32
金5,擺盪,霸王,魔術師,O,先攻,燒血,無,,2024/8/3,S32
金5,擺盪,霸王,魔術師,O,先攻,魔術師,無,,2024/8/3,S32
鑽4,尤,雷精,鐵獸,O,先攻,炎王,蛇眼,,2024/8/4,S32
金5,儀式,御巫,無,X,先攻,教導,無,被FTK,2024/8/4,S32
金5,儀式,御巫,無,X,後攻,紅惡魔龍,無,紅蓮超新星在對方攻擊時也可除外,2024/8/4,S32
金5,儀式,御巫,無,O,後攻,星塵龍,無,對方中離,2024/8/4,S32
白金5,本帳,珠淚,荷魯斯,O,後攻,教導,64壞,,2024/8/4,S32
白金4,本帳,珠淚,荷魯斯,O,先攻,尤貝爾,破械,噴得很爛 但好險對方動點也不夠多,2024/8/4,S32
鑽5,主流,R-ACE,無,X,後攻,斬機,平行者,爛牌不配贏,2024/8/4,S32
鑽5,主流,炎王,蛇眼,O,後攻,炎獸,無,,2024/8/4,S32
鑽5,主流,炎王,蛇眼,O,後攻,spyral,無,,2024/8/4,S32
鑽4,尤,雷精,鐵獸,X,先攻,尤貝爾,破械,吃拮抗,2024/8/4,S32
金4,烙印,烙印,無,O,後攻,吸血鬼,無,,2024/8/4,S32
金4,烙印,烙印,無,X,先攻,百夫,荷魯斯,,2024/8/4,S32
金4,擺盪,霸王,魔術師,O,後攻,烙印,無,對手中G,2024/8/4,S32
金4,擺盪,霸王,魔術師,O,後攻,卡通,蛇眼,,2024/8/4,S32
金4,烙印,烙印,無,X,先攻,炎王,蛇眼,卡手,2024/8/5,S32
金4,烙印,烙印,無,O,後攻,御巫,無,拮抗一張對手投降,2024/8/5,S32
金3,烙印,烙印,無,O,後攻,64壞,蛇眼,,2024/8/5,S32
金3,烙印,烙印,無,X,先攻,銀河眼,無,做錯,2024/8/5,S32
鑽4,尤,尤貝爾,破械,O,先攻,閃刀姬,無,讓對手吃了三張G 舒服,2024/8/5,S32
鑽4,尤,尤貝爾,破械,X,後攻,恩底米翁,無,沒手坑,2024/8/5,S32
金4,儀式,御巫,無,O,後攻,64壞,無,對手做完場吃拮抗 舒服,2024/8/5,S32
金4,儀式,御巫,無,X,後攻,旅鳥,無,中G,2024/8/5,S32
白金4,本帳,珠淚,荷魯斯,X,後攻,百夫,無,,2024/8/5,S32
白金4,本帳,珠淚,荷魯斯,O,後攻,珠淚,64壞,,2024/8/5,S32
金4,擺盪,霸王,魔術師,O,先攻,電子龍,無,,2024/8/5,S32
金4,擺盪,霸王,魔術師,O,先攻,地縛,無,,2024/8/5,S32
鑽5,主流,炎王,蛇眼,X,後攻,霸王,魔術師,大鵬被除外,2024/8/5,S32
鑽5,主流,炎王,蛇眼,X,先攻,純愛,無,有場地抗指定手坑 牌無法展開,2024/8/5,S32
鑽5,主流,炎王,蛇眼,O,先攻,64壞,無,對方次吸沒過就點了,2024/8/5,S32
鑽4,尤,尤貝爾,破械,X,後攻,古生物,無,,2024/8/5,S32
鑽4,尤,尤貝爾,破械,O,先攻,百夫,超重,,2024/8/5,S32
鑽4,尤,尤貝爾,破械,O,先攻,斬機,無,對手丟隕被我丟G抽王座跟灰,2024/8/5,S32
金3,烙印,烙印,無,O,後攻,64壞,無,,2024/8/5,S32
金3,烙印,烙印,無,X,後攻,尤貝爾,破械,p頭遇到幻影可以早點丟,2024/8/5,S32
金3,烙印,烙印,無,O,先攻,荷魯斯,無,對面把五張卡做成槍管終極龍 然後就被解掉了 問號,2024/8/5,S32
金4,儀式,御巫,無,X,後攻,百夫,紅惡魔龍,後手中G,2024/8/6,S32
金4,儀式,御巫,無,X,先攻,HERO,無,對手讓先 但我卡手,2024/8/6,S32
金4,儀式,御巫,無,X,先攻,蛇眼,煉獄機,被灰動不了,2024/8/6,S32
金4,儀式,御巫,無,O,後攻,HERO,無,,2024/8/6,S32
白金4,本帳,珠淚,荷魯斯,O,先攻,烙印,珠淚,60海底烙,2024/8/6,S32
金3,擺盪,霸王,魔術師,O,後攻,霸王,魔術師,兩個無效系 擋住對手銀金後就停了,2024/8/6,S32
金3,擺盪,霸王,魔術師,O,先攻,燒血,無,燒血不知為何投降,2024/8/6,S32
金3,擺盪,霸王,魔術師,O,後攻,霸王,魔術師,對手卡手在我的回合丟G 但被我斬殺,2024/8/6,S32
鑽5,主流,炎王,蛇眼,X,先攻,Meta Beat,無,先攻我卡手 對手牌太好 動不了,2024/8/6,S32
鑽5,主流,炎王,蛇眼,X,先攻,百夫,無,先攻我又卡手 從頭卡到尾,2024/8/6,S32
鑽5,主流,炎王,蛇眼,X,先攻,超重,奕勇,先攻中G ,2024/8/6,S32
鑽5,主流,炎王,蛇眼,O,後攻,百夫,無,對手牌好 我坑不夠 ,2024/8/6,S32
鑽5,主流,炎王,蛇眼,X,先攻,珠淚,無,吃坑 大鵬不在 對手噴太好,2024/8/6,S32
鑽4,尤,尤貝爾,破械,O,後攻,炎王,蛇眼,我牌很好 P頭擋掉黑魔女賺牌 T2還抽到動點,2024/8/6,S32
鑽3,尤,尤貝爾,破械,X,先攻,烙印,無,做4擋神弓 結果吃超融合 超時,2024/8/6,S32
鑽3,尤,尤貝爾,破械,X,後攻,尤貝爾,無,後攻又吃超融合,2024/8/6,S32
金3,烙印,烙印,無,O,後攻,百夫,荷魯斯,,2024/8/6,S32
金2,烙印,烙印,無,X,後攻,龍女僕,無,吃G吃拮抗...,2024/8/6,S32
金2,烙印,烙印,無,O,後攻,相劍,無,對手投降,2024/8/6,S32
金2,烙印,烙印,無,O,後攻,雷精,雙子,,2024/8/6,S32
鑽5,主流,R-ACE,無,X,先攻,炎王,蛇眼,中隕石沒蓋到四 時間不夠斬殺 可惜,2024/8/7,S32
鑽5,主流,R-ACE,無,X,先攻,百夫,64壞,中灰又中P又中泡影,2024/8/7,S32
鑽5,主流,R-ACE,無,O,後攻,珠淚,荷魯斯,60構築，走荷魯斯軸 真血公被P太傷,2024/8/7,S32
鑽5,主流,R-ACE,無,O,後攻,珠淚,無,對手可能卡手直接投降,2024/8/7,S32
鑽5,主流,R-ACE,無,O,後攻,尤貝爾,破械,被我單張灰蓮花打停,2024/8/7,S32
鑽5,主流,R-ACE,無,O,先攻,烙印,無,60烙 注意泥龍開效果可以抗指定 消防的陷阱發不了,2024/8/7,S32
金3,儀式,御巫,無,X,先攻,64壞,無,,2024/8/7,S32
金3,儀式,御巫,無,O,後攻,百夫,荷魯斯,對手卡手,2024/8/7,S32
金2,擺盪,霸王,魔術師,O,後攻,紅惡魔龍,無,後攻還卡手動不了,2024/8/7,S32
金2,擺盪,霸王,魔術師,O,先攻,尤貝爾,破械,,2024/8/7,S32
白金4,本帳,珠淚,荷魯斯,O,先攻,百夫,白龍,獨角獸打8000,2024/8/7,S32
白金4,本帳,珠淚,荷魯斯,O,先攻,R-ACE,荷魯斯,60消防+荷+蛇眼,2024/8/7,S32
鑽3,尤,尤貝爾,破械,X,先攻,相劍,64壞,中G 吃到不能特招暗屬,2024/8/7,S32
鑽4,尤,尤貝爾,破械,X,先攻,R-ACE,無,先攻卡手,2024/8/7,S32
鑽4,尤,尤貝爾,破械,O,先攻,閃刀姬,無,,2024/8/7,S32
鑽4,主流,R-ACE,無,O,先攻,斬機,無,,2024/8/7,S32
鑽4,主流,R-ACE,無,X,後攻,Meta Beat,無,,2024/8/7,S32
鑽4,主流,R-ACE,無,O,先攻,白銀城,無,,2024/8/7,S32
金2,烙印,烙印,無,X,後攻,尤貝爾,破械,卡手太多回合 不想玩了,2024/8/7,S32
金2,烙印,烙印,無,O,後攻,炎獸,無,對手中隕,2024/8/7,S32
金2,烙印,烙印,無,O,先攻,烙印,無,升金1,2024/8/7,S32
金1,烙印,神碑,無,X,先攻,炎王,蛇眼,,2024/8/7,S32
金1,烙印,神碑,無,X,後攻,炎王,蛇眼,,2024/8/7,S32
金1,烙印,神碑,無,X,後攻,龍女僕,無,,2024/8/7,S32
金1,烙印,神碑,無,X,先攻,閃刀姬,無,,2024/8/7,S32
金1,烙印,神碑,無,X,後攻,白銀城,珠淚,,2024/8/7,S32
金1,烙印,神碑,無,X,後攻,霸王,魔術師,,2024/8/7,S32
金1,烙印,神碑,無,O,後攻,魔術師,無,,2024/8/7,S32
金1,烙印,神碑,無,X,先攻,奕勇,無,,2024/8/8,S32
金1,烙印,神碑,無,O,先攻,R-ACE,無,,2024/8/8,S32
金1,烙印,神碑,無,X,先攻,百夫,荷魯斯,,2024/8/8,S32
金1,烙印,神碑,無,O,先攻,銀河眼,無,,2024/8/8,S32
金1,烙印,神碑,無,X,後攻,64壞,荷魯斯,,2024/8/8,S32
金1,烙印,神碑,無,O,先攻,烙印,無,60烙抽到乾,2024/8/8,S32
白金5,烙印,神碑,無,O,先攻,烙印,無,,2024/8/8,S32
白金5,烙印,神碑,無,O,先攻,魔救,春化精,,2024/8/8,S32
白金5,烙印,神碑,無,O,後攻,64壞,白龍,64+蛇眼+白龍的60張怪牌,2024/8/8,S32
白金5,烙印,神碑,無,X,後攻,荷魯斯,無,,2024/8/8,S32
金4,儀式,御巫,無,O,先攻,燒血,無,,2024/8/8,S32
金2,擺盪,霸王,魔術師,X,後攻,炎獸,無,可以贏 網路太卡輸掉,2024/8/8,S32
白金5,烙印,神碑,無,O,先攻,閃刀姬,無,,2024/8/8,S32
白金5,烙印,神碑,無,X,後攻,銀河眼,無,,2024/8/8,S32
白金5,烙印,神碑,無,O,先攻,銀河眼,無,,2024/8/8,S32
白金5,烙印,神碑,無,O,先攻,HERO,尤貝爾,,2024/8/8,S32
白金4,烙印,神碑,無,X,後攻,聲選姬,無,,2024/8/8,S32
白金4,烙印,神碑,無,X,先攻,戰華,無,,2024/8/8,S32
白金4,烙印,神碑,無,X,後攻,破械,雙子,,2024/8/8,S32
白金3,本帳,珠淚,荷魯斯,O,先攻,尤貝爾,破械,獨角獸除外兩張幻影收工,2024/8/8,S32
白金3,本帳,珠淚,荷魯斯,O,先攻,烙印,無,,2024/8/8,S32
鑽4,主流,R-ACE,無,X,後攻,珠淚,無,牌不夠過 廢件兩張,2024/8/8,S32
鑽4,尤,尤貝爾,破械,X,先攻,荷魯斯,無,對手牌太好,2024/8/8,S32
鑽4,尤,尤貝爾,破械,O,先攻,冰結界,無,,2024/8/8,S32
鑽4,尤,尤貝爾,破械,O,後攻,閃刀姬,無,,2024/8/8,S32
金3,儀式,肅聲,無,O,先攻,RR,無,,2024/8/8,S32
金3,儀式,肅聲,無,O,先攻,燒血,無,,2024/8/9,S32
金3,儀式,肅聲,無,X,後攻,雷精,無,,2024/8/9,S32
金3,儀式,肅聲,無,O,先攻,FTK,無,,2024/8/9,S32
金3,儀式,肅聲,無,O,後攻,珠淚,古生物,60構築,2024/8/9,S32
金2,儀式,肅聲,無,O,先攻,白龍,無,,2024/8/9,S32
金2,儀式,肅聲,無,O,後攻,FTK,無,,2024/8/9,S32
金2,儀式,肅聲,無,X,先攻,珠淚,64壞,做招失誤,2024/8/9,S32
金2,儀式,肅聲,無,O,後攻,64壞,珠淚,,2024/8/9,S32
金2,儀式,肅聲,無,X,後攻,冰結界,無,,2024/8/9,S32
金2,儀式,肅聲,無,O,先攻,FTK,無,,2024/8/9,S32
金1,儀式,肅聲,無,O,後攻,荷魯斯,64壞,,2024/8/9,S32
金1,儀式,肅聲,無,O,先攻,神碑,無,,2024/8/9,S32
白金4,烙印,神碑,無,O,後攻,百夫,紅惡魔龍,對手自動投降,2024/8/9,S32
白金4,烙印,神碑,無,X,後攻,雷精,白龍,,2024/8/9,S32
白金4,烙印,神碑,無,X,先攻,肅聲,無,,2024/8/9,S32
白金4,烙印,神碑,無,X,先攻,珠淚,64壞,,2024/8/9,S32
白金4,烙印,神碑,無,O,先攻,破械,無,,2024/8/9,S32
白金4,烙印,神碑,無,X,後攻,純愛,無,,2024/8/9,S32
白金4,烙印,神碑,無,X,後攻,肅聲,無,,2024/8/9,S32
白金4,烙印,神碑,無,X,後攻,蟲惑魔,無,,2024/8/9,S32
白金4,烙印,神碑,無,O,先攻,神碑,無,,2024/8/9,S32
白金4,烙印,神碑,無,O,先攻,電氣,無,,2024/8/9,S32
金1,儀式,肅聲,無,O,先攻,64壞,雷風水,,2024/8/9,S32
金1,儀式,肅聲,無,O,先攻,電子龍,無,,2024/8/9,S32
白金3,本帳,珠淚,荷魯斯,O,後攻,DDD,無,,2024/8/9,S32
白金3,本帳,珠淚,荷魯斯,O,先攻,尤貝爾,破械,升白金二,2024/8/9,S32
鑽4,尤,尤貝爾,破械,X,先攻,百夫,超重,60相劍+超重+百夫,2024/8/9,S32
鑽4,尤,尤貝爾,破械,X,後攻,蛇眼,64壞,一坑檔不住展開,2024/8/9,S32
鑽4,尤,尤貝爾,破械,O,先攻,冰結界,無,60同步大雜燴,2024/8/9,S32
鑽4,尤,尤貝爾,破械,O,後攻,尤貝爾,破械,,2024/8/9,S32
鑽4,主流,R-ACE,無,O,先攻,肅聲,無,吃了三張無效系還是蓋到四,2024/8/9,S32
金2,擺盪,霸王,魔術師,O,後攻,64壞,無,,2024/8/9,S32
金2,擺盪,霸王,魔術師,O,先攻,燒血,無,,2024/8/9,S32
白金2,本帳,珠淚,64壞,O,先攻,百夫,荷魯斯,,2024/8/9,S32
白金2,本帳,珠淚,64壞,O,先攻,尤貝爾,無,,2024/8/9,S32
鑽4,尤,尤貝爾,破械,X,後攻,炎王,蛇眼,,2024/8/9,S32
Challenger Cup,尤,尤貝爾,破械,O,先攻,炎王,蛇眼,做場做的怪怪的 好險尤貝爾夠強,2024/8/9,CC
Challenger Cup,尤,尤貝爾,破械,X,先攻,蛇眼,無,泡影有一動交錯了,2024/8/9,CC
Challenger Cup,本帳,R-ACE,無,X,先攻,恩底米翁,無,先攻卡手,2024/8/9,CC
白金4,烙印,烙印,無,O,先攻,白銀城,無,吃G,2024/8/9,S32
鑽4,主流,炎王,蛇眼,X,先攻,百夫,紅惡魔龍,,2024/8/9,S32
鑽4,主流,炎王,蛇眼,O,先攻,荷魯斯,無,對方貼紙害到自己哈哈,2024/8/9,S32
鑽4,主流,炎王,蛇眼,O,先攻,斬機,無,吃兩坑還是可以做場,2024/8/10,S32
鑽4,主流,炎王,蛇眼,O,先攻,64壞,荷魯斯,,2024/8/10,S32
鑽4,主流,炎王,蛇眼,O,先攻,珠淚,荷魯斯,升鑽3 60 珠淚+荷+64,2024/8/10,S32
鑽3,主流,炎王,蛇眼,O,後攻,蛇眼,64壞,對手卡手,2024/8/10,S32
鑽3,主流,炎王,蛇眼,O,先攻,尤貝爾,破械,,2024/8/10,S32
鑽3,主流,炎王,蛇眼,X,先攻,尤貝爾,破械,,2024/8/10,S32
鑽3,主流,炎王,蛇眼,O,先攻,尤貝爾,破械,,2024/8/10,S32
鑽3,主流,炎王,蛇眼,O,後攻,水GS,無,,2024/8/10,S32
鑽3,主流,炎王,蛇眼,O,後攻,百夫,無,升鑽二,2024/8/10,S32
白金5,儀式,肅聲,無,O,先攻,忍者,無,,2024/8/10,S32
白金5,儀式,肅聲,無,O,先攻,焰聖,無,,2024/8/10,S32
白金5,儀式,肅聲,無,O,後攻,教導,白龍,,2024/8/10,S32
白金5,儀式,肅聲,無,O,後攻,尤貝爾,破械,,2024/8/10,S32
白金4,儀式,肅聲,無,O,先攻,白銀城,無,,2024/8/10,S32
白金4,儀式,肅聲,無,X,先攻,相劍,無,4手坑1P身體開局,2024/8/10,S32
白金4,儀式,肅聲,無,O,先攻,白龍,無,,2024/8/10,S32
白金4,儀式,肅聲,無,X,先攻,FTK,無,卡手,2024/8/10,S32
白金4,儀式,肅聲,無,O,後攻,旅鳥,尤貝爾,,2024/8/10,S32
白金4,儀式,肅聲,無,O,先攻,大法師,無,抽鎖鳥對方就投降了,2024/8/10,S32
白金4,儀式,肅聲,無,X,後攻,炎王,蛇眼,注意兩張儀式魔法都上手的時候會卡手,2024/8/10,S32
白金4,儀式,肅聲,無,O,先攻,靈魂鳥,無,,2024/8/10,S32
白金4,儀式,肅聲,無,O,後攻,百夫,尤貝爾,60 百夫+64+荷+尤,2024/8/10,S32
白金4,儀式,肅聲,無,O,後攻,珠淚,64壞,升白金3,2024/8/10,S32
白金2,本帳,珠淚,64壞,O,先攻,珠淚,荷魯斯,,2024/8/11,S32
白金2,本帳,珠淚,64壞,O,先攻,54壞,無,升白金1,2024/8/11,S32
鑽4,尤,尤貝爾,破械,O,先攻,R-ACE,無,,2024/8/11,S32
鑽2,主流,炎王,蛇眼,X,後攻,炎王,蛇眼,,2024/8/11,S32
鑽2,主流,炎王,蛇眼,X,後攻,尤貝爾,破械,,2024/8/11,S32
鑽2,主流,炎王,蛇眼,O,後攻,烙印,無,60烙,2024/8/11,S32
白金4,烙印,烙印,無,O,後攻,水GS,無,升白金3,2024/8/11,S32
白金3,烙印,烙印,無,X,後攻,RR,無,,2024/8/11,S32
金2,擺盪,霸王,魔術師,O,先攻,黑羽,無,,2024/8/11,S32
白金3,儀式,肅聲,無,O,後攻,相劍,無,,2024/8/11,S32
白金3,儀式,肅聲,無,X,後攻,紅惡魔龍,無,可以贏 可惜超時,2024/8/11,S32
白金1,本帳,珠淚,64壞,X,後攻,純愛,無,,2024/8/11,S32
白金1,本帳,珠淚,64壞,X,先攻,FTK,無,對手讓先,2024/8/11,S32
白金1,本帳,珠淚,64壞,X,後攻,肅聲,無,,2024/8/11,S32
白金1,本帳,珠淚,64壞,O,先攻,烙印,無,吃G,2024/8/11,S32
鑽4,尤,尤貝爾,破械,X,先攻,尤貝爾,破械,,2024/8/11,S32
鑽4,尤,尤貝爾,破械,O,先攻,電腦堺,勇者,,2024/8/11,S32
鑽4,尤,尤貝爾,破械,X,先攻,雷精,無,卡手0動點,2024/8/11,S32
鑽2,主流,炎王,蛇眼,X,先攻,百夫,無,三張麒麟...,2024/8/11,S32
鑽2,主流,炎王,蛇眼,O,先攻,旅鳥,無,,2024/8/11,S32
鑽2,主流,炎王,蛇眼,O,後攻,尤貝爾,破械,有崩妹 雷精被泡就投了,2024/8/11,S32
鑽2,主流,炎王,蛇眼,O,先攻,水GS,無,中G,2024/8/11,S32
鑽2,主流,炎王,蛇眼,X,後攻,尤貝爾,雷精,對手牌太好 我手上兩廢件,2024/8/11,S32
鑽2,主流,炎王,蛇眼,O,先攻,R-ACE,無,,2024/8/11,S32
鑽2,主流,炎王,蛇眼,O,先攻,尤貝爾,破械,升鑽一 我先中G 再送對手G 舒服!,2024/8/11,S32
白金3,烙印,烙印,無,X,先攻,64壞,無,大卡手,2024/8/11,S32
白金3,烙印,烙印,無,X,先攻,百夫,無,抽到太多廢件,2024/8/11,S32
白金3,烙印,烙印,無,X,後攻,烙印,荷魯斯,玩得不好,2024/8/11,S32
金1,擺盪,霸王,魔術師,O,先攻,FTK,無,,2024/8/11,S32
白金3,儀式,肅聲,無,O,先攻,炎王,蛇眼,,2024/8/11,S32
白金3,儀式,肅聲,無,X,先攻,珠淚,勇者,卡手,2024/8/11,S32
白金3,儀式,肅聲,無,O,先攻,荷魯斯,雷風水,,2024/8/11,S32
白金3,儀式,肅聲,無,O,後攻,水GS,無,,2024/8/11,S32
白金3,儀式,肅聲,無,X,先攻,烙印,無,賭對手沒墓指 賭輸了 60烙還給他抽到墓指..,2024/8/11,S32
白金3,儀式,肅聲,無,O,先攻,Meta Beat,無,,2024/8/11,S32
白金3,儀式,肅聲,無,O,先攻,蟲惑魔,無,,2024/8/11,S32
白金3,儀式,肅聲,無,O,先攻,冰結界,無,,2024/8/11,S32
白金2,儀式,肅聲,無,O,先攻,烙印,無,,2024/8/11,S32
白金1,本帳,珠淚,64壞,X,後攻,旅鳥,無,,2024/8/11,S32
白金1,本帳,珠淚,64壞,O,後攻,相劍,無,,2024/8/11,S32
白金1,本帳,珠淚,64壞,X,後攻,奕勇,無,,2024/8/11,S32
白金1,本帳,珠淚,64壞,X,後攻,冰結界,無,,2024/8/11,S32
白金1,本帳,珠淚,64壞,X,後攻,珠淚,64壞,,2024/8/11,S32
白金1,本帳,珠淚,64壞,O,後攻,荷魯斯,白龍,,2024/8/11,S32
白金1,本帳,珠淚,64壞,O,先攻,雷精,無,,2024/8/11,S32
白金1,本帳,珠淚,64壞,X,先攻,肅聲,無,先攻卡手,2024/8/11,S32
白金1,本帳,珠淚,64壞,X,先攻,烙印,無,中G,2024/8/11,S32
白金1,本帳,珠淚,64壞,O,先攻,珠淚,64壞,,2024/8/11,S32
白金1,本帳,珠淚,64壞,O,先攻,肅聲,無,,2024/8/11,S32
白金1,本帳,珠淚,64壞,O,先攻,Meta Beat,無,,2024/8/11,S32
白金1,本帳,珠淚,64壞,O,後攻,冰結界,荷魯斯,升鑽5,2024/8/11,S32
白金2,儀式,肅聲,無,X,後攻,閃刀姬,無,牌不夠好,2024/8/12,S32
白金2,儀式,肅聲,無,O,先攻,FTK,無,對手讓先,2024/8/12,S32
白金2,儀式,肅聲,無,X,先攻,肅聲,無,對手牌太好 各種坑都有,2024/8/12,S32
白金2,儀式,肅聲,無,O,後攻,白銀城,無,對手直接投,2024/8/12,S32
白金2,儀式,肅聲,無,X,後攻,百夫,烙印,六張還卡手,2024/8/12,S32
白金2,儀式,肅聲,無,O,先攻,冰結界,無,,2024/8/12,S32
白金2,儀式,肅聲,無,X,先攻,相劍,荷魯斯,又卡手..,2024/8/12,S32
白金2,儀式,肅聲,無,O,先攻,珠淚,大植然,,2024/8/12,S32
白金2,儀式,肅聲,無,X,後攻,尤貝爾,破械,7張還可以沒有補點..,2024/8/12,S32
白金2,儀式,肅聲,無,X,後攻,炎王,蛇眼,,2024/8/12,S32
白金2,儀式,肅聲,無,X,後攻,尤貝爾,破械,連兩場超時,2024/8/12,S32
白金2,儀式,肅聲,無,O,先攻,尤貝爾,破械,,2024/8/12,S32
白金2,儀式,肅聲,無,O,後攻,白銀城,無,天底軸,2024/8/12,S32
白金2,儀式,肅聲,無,O,先攻,古生物,神碑,,2024/8/12,S32
白金2,儀式,肅聲,無,X,先攻,VS,無,,2024/8/12,S32
白金2,儀式,肅聲,無,O,後攻,冰結界,無,,2024/8/12,S32
白金2,儀式,肅聲,無,O,先攻,DDD,無,對手讓先 升白金一,2024/8/12,S32
白金1,儀式,肅聲,無,O,後攻,蟲惑魔,無,,2024/8/12,S32
白金1,儀式,肅聲,無,O,先攻,64壞,無,,2024/8/12,S32
白金1,儀式,肅聲,無,O,先攻,百夫,無,對手鎖鳥打停我了 結果他投降哈哈,2024/8/12,S32
白金1,儀式,肅聲,無,O,先攻,超重,斬機,卡手啦 結果對手中G投降??,2024/8/12,S32
鑽5,儀式,肅聲,無,O,先攻,VS,64壞,,2024/8/12,S32
鑽5,儀式,肅聲,無,O,先攻,尤貝爾,破械,,2024/8/12,S32
鑽5,本帳,珠淚,64壞,X,後攻,尤貝爾,破械,牌不夠過,2024/8/12,S32
鑽5,本帳,珠淚,64壞,O,後攻,VS,無,,2024/8/12,S32
鑽5,本帳,珠淚,64壞,X,先攻,閃刀姬,白龍,,2024/8/12,S32
鑽5,本帳,珠淚,64壞,X,後攻,尤貝爾,破械,,2024/8/12,S32
鑽5,本帳,珠淚,64壞,O,先攻,肅聲,無,可惜差一點,2024/8/12,S32
鑽1,主流,炎王,蛇眼,O,後攻,冰結界,無,,2024/8/12,S32
鑽4,尤,尤貝爾,破械,O,後攻,黃金卿,無,,2024/8/12,S32
白金4,烙印,烙印,無,X,後攻,RR,無,,2024/8/12,S32
白金4,烙印,烙印,無,O,先攻,百夫,無,,2024/8/12,S32
白金4,烙印,烙印,無,X,後攻,神碑,無,,2024/8/12,S32
白金4,烙印,烙印,無,O,後攻,純愛,珠淚,,2024/8/12,S32
白金4,烙印,神碑,無,O,後攻,珠淚,尤貝爾,,2024/8/12,S32
金1,擺盪,霸王,魔術師,O,後攻,聲選姬,無,霸王門0+札克無傷到對方超時哈哈,2024/8/12,S32
金1,擺盪,霸王,魔術師,X,先攻,64壞,無,玩得不好,2024/8/12,S32
鑽5,儀式,肅聲,無,O,先攻,荷魯斯,大植然,吃JJ波 差點被逆轉,2024/8/13,S32
鑽5,儀式,肅聲,無,X,後攻,蛇眼,64壞,,2024/8/13,S32
鑽5,儀式,肅聲,無,X,先攻,尤貝爾,破械,時點要開ON才能在抽接發一大灘水,2024/8/13,S32
鑽5,儀式,肅聲,無,X,後攻,RR,無,,2024/8/13,S32
鑽5,儀式,肅聲,無,X,後攻,尤貝爾,破械,,2024/8/13,S32
鑽5,儀式,肅聲,無,X,先攻,相劍,無,一張灰就被攔停了...,2024/8/13,S32
鑽5,儀式,肅聲,無,O,先攻,閃刀姬,無,,2024/8/13,S32
鑽5,儀式,肅聲,無,O,後攻,十二獸,無,,2024/8/13,S32
鑽5,儀式,肅聲,無,O,後攻,涅姆蕾妮婭,無,,2024/8/13,S32
鑽5,儀式,肅聲,無,X,後攻,蟲惑魔,無,,2024/8/13,S32
鑽5,儀式,肅聲,無,X,先攻,尤貝爾,破械,,2024/8/13,S32
鑽5,儀式,肅聲,無,X,後攻,純愛,無,,2024/8/13,S32
鑽5,儀式,肅聲,無,X,後攻,珠淚,荷魯斯,,2024/8/13,S32
鑽5,儀式,肅聲,無,O,先攻,六花,無,,2024/8/13,S32
鑽5,儀式,肅聲,無,O,後攻,荷魯斯,勇者,,2024/8/13,S32
鑽5,儀式,肅聲,無,O,後攻,百夫,進化恐龍,60,2024/8/13,S32
鑽5,儀式,肅聲,無,X,先攻,尤貝爾,破械,一灰停,2024/8/13,S32
鑽5,儀式,肅聲,無,O,後攻,肅聲,無,,2024/8/13,S32
鑽5,儀式,肅聲,無,O,先攻,Meta Beat,無,升鑽4,2024/8/13,S32
白金4,烙印,神碑,無,O,先攻,恐啡肽,無,,2024/8/13,S32
白金4,烙印,神碑,無,O,先攻,忍者,無,,2024/8/13,S32
鑽5,本帳,珠淚,64壞,X,先攻,蛇眼,無,,2024/8/13,S32
鑽5,本帳,珠淚,64壞,O,後攻,白龍,無,自己投了,2024/8/13,S32
鑽5,本帳,珠淚,64壞,X,先攻,RR,無,,2024/8/13,S32
鑽5,本帳,珠淚,64壞,X,後攻,54壞,百夫,,2024/8/13,S32
鑽1,主流,炎王,蛇眼,O,先攻,奇美拉,無,,2024/8/13,S32
鑽4,尤,尤貝爾,破械,O,後攻,御巫,無,,2024/8/13,S32
金1,擺盪,霸王,魔術師,X,後攻,尤貝爾,破械,,2024/8/13,S32
金1,擺盪,霸王,魔術師,O,先攻,超重,無,,2024/8/13,S32
鑽4,儀式,肅聲,無,O,先攻,尤貝爾,破械,,2024/8/14,S32
鑽5,本帳,珠淚,64壞,X,先攻,Meta Beat,無,卡手,2024/8/14,S32
鑽5,本帳,珠淚,64壞,X,後攻,百夫,無,,2024/8/14,S32
鑽5,本帳,珠淚,64壞,X,後攻,荷魯斯,大植然,失誤,2024/8/14,S32
鑽5,本帳,珠淚,64壞,X,後攻,炎王,蛇眼,,2024/8/14,S32
鑽5,本帳,珠淚,64壞,O,先攻,霸王,魔術師,,2024/8/14,S32
鑽1,主流,炎王,蛇眼,X,先攻,尤貝爾,雷精,先攻沒動點,2024/8/14,S32
鑽1,主流,炎王,蛇眼,O,先攻,百夫,無,中鎖鳥,2024/8/14,S32
鑽4,尤,尤貝爾,破械,O,先攻,荷魯斯,雷風水,,2024/8/14,S32
鑽4,尤,尤貝爾,破械,O,後攻,炎王,蛇眼,,2024/8/14,S32
白金3,烙印,神碑,無,O,先攻,雷精,無,,2024/8/14,S32
金1,擺盪,霸王,魔術師,O,先攻,白龍,無,卡手 升白金5,2024/8/14,S32
鑽5,本帳,珠淚,64壞,X,後攻,超重,百夫,,2024/8/14,S32
鑽5,本帳,珠淚,64壞,X,後攻,64壞,無,,2024/8/14,S32
鑽5,本帳,珠淚,64壞,O,先攻,雷精,無,,2024/8/14,S32
鑽5,本帳,珠淚,64壞,X,後攻,炎王,蛇眼,,2024/8/14,S32
鑽5,本帳,珠淚,64壞,O,後攻,百夫,無,,2024/8/14,S32
鑽5,本帳,珠淚,64壞,O,先攻,珠淚,荷魯斯,,2024/8/14,S32
鑽5,本帳,珠淚,64壞,X,後攻,百夫,荷魯斯,60構築,2024/8/14,S32
鑽5,本帳,珠淚,64壞,X,後攻,百夫,相劍,,2024/8/14,S32
鑽5,本帳,珠淚,64壞,X,先攻,尤貝爾,破械,,2024/8/14,S32
鑽5,本帳,珠淚,64壞,X,先攻,超重,相劍,,2024/8/14,S32
鑽5,本帳,珠淚,64壞,X,先攻,閃刀姬,無,,2024/8/14,S32
鑽5,本帳,珠淚,64壞,X,先攻,百夫,無,,2024/8/14,S32
鑽5,本帳,珠淚,64壞,O,後攻,烙印,珠淚,,2024/8/14,S32
鑽5,本帳,珠淚,64壞,O,先攻,尤貝爾,破械,,2024/8/14,S32
鑽5,本帳,珠淚,64壞,X,後攻,尤貝爾,破械,,2024/8/14,S32
鑽5,本帳,珠淚,64壞,O,先攻,肅聲,無,,2024/8/14,S32
鑽5,本帳,珠淚,64壞,X,後攻,64壞,無,,2024/8/14,S32
鑽5,本帳,珠淚,64壞,X,後攻,斬機,無,,2024/8/14,S32
鑽5,本帳,珠淚,64壞,X,後攻,旅鳥,無,,2024/8/14,S32
鑽5,本帳,珠淚,64壞,X,先攻,荷魯斯,白龍,對手讓先,2024/8/14,S32
鑽5,本帳,珠淚,64壞,O,後攻,肅聲,64壞,對手解不掉念力,2024/8/14,S32
鑽5,本帳,珠淚,64壞,O,先攻,黃金卿,荷魯斯,60黃金卿+魔妖,2024/8/14,S32
鑽5,本帳,珠淚,64壞,O,先攻,炎王,蛇眼,對手讓先,2024/8/14,S32
鑽5,本帳,珠淚,64壞,X,先攻,珠淚,荷魯斯,,2024/8/14,S32
鑽5,本帳,珠淚,64壞,X,後攻,黃金卿,無,60,2024/8/14,S32
鑽5,本帳,珠淚,64壞,O,先攻,旅鳥,無,,2024/8/14,S32
鑽5,本帳,珠淚,64壞,O,先攻,白銀城,破械,,2024/8/14,S32
鑽5,本帳,珠淚,64壞,O,後攻,斬機,R-ACE,升鑽4,2024/8/14,S32
鑽石杯,儀式,冰結界,無,O,後攻,水GS,無,,2024/8/15,S32
鑽石杯,儀式,冰結界,無,O,先攻,冰結界,無,,2024/8/15,S32
鑽石杯,儀式,冰結界,無,X,後攻,水GS,無,,2024/8/15,S32
鑽石杯,儀式,冰結界,無,X,後攻,冰結界,無,,2024/8/15,S32
鑽石杯,儀式,冰結界,無,O,後攻,疾行機人,無,,2024/8/15,S32
鑽石杯,儀式,冰結界,無,X,先攻,水GS,無,,2024/8/15,S32
鑽石杯,主流,冰結界,無,X,後攻,冰結界,無,,2024/8/15,S32
鑽石杯,主流,冰結界,無,X,先攻,水GS,無,,2024/8/15,S32
鑽石杯,主流,冰結界,無,O,先攻,水GS,無,,2024/8/15,S32
鑽石杯,主流,冰結界,無,X,後攻,威風魔靈,無,,2024/8/15,S32
鑽石杯,主流,冰結界,無,X,後攻,妖仙獸,無,,2024/8/15,S32
鑽石杯,主流,冰結界,無,X,後攻,海晶,無,,2024/8/15,S32
鑽石杯,主流,冰結界,無,X,後攻,水GS,無,,2024/8/15,S32
鑽石杯,主流,冰結界,無,O,先攻,疾行機人,無,,2024/8/15,S32
鑽石杯,主流,冰結界,無,O,先攻,冰結界,無,,2024/8/15,S32
鑽石杯,主流,冰結界,無,X,後攻,威風魔靈,無,,2024/8/15,S32
鑽石杯,主流,冰結界,無,O,後攻,冰結界,無,,2024/8/15,S32
鑽石杯,本帳,冰結界,無,O,先攻,冰結界,無,,2024/8/15,S32
鑽石杯,本帳,冰結界,無,O,先攻,冰結界,無,,2024/8/15,S32
鑽石杯,本帳,冰結界,無,O,先攻,冰結界,無,,2024/8/15,S32
鑽石杯,本帳,冰結界,無,X,後攻,冰結界,無,,2024/8/15,S32
鑽石杯,本帳,冰結界,無,O,先攻,冰結界,無,,2024/8/15,S32
鑽石杯,尤,冰結界,無,O,後攻,妖仙獸,無,,2024/8/15,S32
鑽石杯,尤,冰結界,無,O,後攻,威風魔靈,無,,2024/8/15,S32
鑽石杯,尤,冰結界,無,O,先攻,冰結界,無,,2024/8/15,S32
鑽石杯,尤,冰結界,無,X,先攻,冰結界,無,,2024/8/15,S32
鑽石杯,尤,冰結界,無,X,後攻,水GS,無,,2024/8/15,S32
鑽石杯,尤,冰結界,無,O,先攻,威風魔靈,無,,2024/8/15,S32
鑽石杯,烙印,冰結界,無,O,後攻,水GS,無,,2024/8/15,S32
鑽石杯,烙印,冰結界,無,X,先攻,冰結界,無,,2024/8/15,S32
鑽石杯,烙印,冰結界,無,O,後攻,水GS,無,,2024/8/15,S32
鑽石杯,烙印,冰結界,無,O,先攻,疾行機人,無,,2024/8/15,S32
鑽石杯,烙印,冰結界,無,X,後攻,水GS,無,,2024/8/15,S32
鑽石杯,烙印,冰結界,無,O,後攻,燒血,無,,2024/8/15,S32
鑽石杯,擺盪,冰結界,無,O,先攻,FTK,無,,2024/8/15,S32
鑽石杯,擺盪,冰結界,無,O,先攻,水GS,無,,2024/8/15,S32
鑽石杯,擺盪,冰結界,無,O,先攻,冰結界,無,,2024/8/15,S32
鑽石杯,擺盪,冰結界,無,O,先攻,旅鳥,無,,2024/8/15,S32
鑽石杯,儀式,冰結界,無,X,後攻,冰結界,無,,2024/8/15,S32
鑽石杯,儀式,冰結界,無,X,後攻,冰結界,無,,2024/8/15,S32
鑽石杯,儀式,冰結界,無,O,先攻,冰結界,無,,2024/8/15,S32
鑽石杯,儀式,冰結界,無,X,先攻,旅鳥,無,,2024/8/16,S32
鑽石杯,儀式,冰結界,無,O,先攻,燒血,無,,2024/8/16,S32
鑽石杯,儀式,冰結界,無,O,先攻,冰結界,無,,2024/8/16,S32
鑽石杯,儀式,冰結界,無,X,先攻,旅鳥,無,,2024/8/16,S32
鑽石杯,儀式,冰結界,無,O,後攻,水GS,無,,2024/8/16,S32
鑽石杯,儀式,冰結界,無,X,後攻,冰結界,無,,2024/8/16,S32
鑽石杯,儀式,冰結界,無,O,先攻,LL,無,對手讓先,2024/8/16,S32
鑽石杯,本帳,冰結界,無,O,後攻,冰結界,無,,2024/8/16,S32
鑽石杯,本帳,冰結界,無,O,先攻,水GS,無,,2024/8/16,S32
鑽石杯,本帳,冰結界,無,X,後攻,古生物,無,,2024/8/16,S32
鑽石杯,本帳,冰結界,無,O,後攻,水GS,無,,2024/8/16,S32
鑽石杯,本帳,冰結界,無,O,先攻,旅鳥,無,,2024/8/16,S32
鑽石杯,主流,冰結界,無,O,先攻,海晶,無,,2024/8/16,S32
鑽石杯,主流,冰結界,無,O,後攻,水GS,無,,2024/8/16,S32
鑽石杯,主流,冰結界,無,O,先攻,海晶,無,,2024/8/16,S32
鑽石杯,主流,冰結界,無,X,後攻,威風魔靈,無,,2024/8/16,S32
鑽石杯,主流,冰結界,無,O,先攻,海晶,勇者,,2024/8/16,S32
鑽石杯,尤,冰結界,無,X,先攻,旅鳥,無,,2024/8/16,S32
鑽石杯,尤,冰結界,無,O,先攻,LL,無,,2024/8/16,S32
鑽石杯,尤,冰結界,無,X,後攻,冰結界,無,,2024/8/16,S32
鑽石杯,尤,冰結界,無,O,先攻,水GS,無,混冰jj,2024/8/16,S32
鑽石杯,尤,冰結界,無,X,先攻,古生物,無,,2024/8/16,S32
鑽石杯,尤,冰結界,無,O,先攻,旅鳥,無,,2024/8/16,S32
鑽石杯,尤,冰結界,無,O,先攻,冰結界,無,,2024/8/16,S32
鑽石杯,烙印,冰結界,無,O,後攻,水GS,無,,2024/8/16,S32
鑽石杯,烙印,冰結界,無,O,後攻,冰結界,無,,2024/8/16,S32
鑽石杯,烙印,冰結界,無,O,先攻,水GS,無,,2024/8/16,S32
鑽石杯,烙印,冰結界,無,O,後攻,古生物,無,,2024/8/16,S32
鑽石杯,擺盪,冰結界,無,X,後攻,冰結界,無,,2024/8/16,S32
鑽石杯,擺盪,冰結界,無,X,後攻,疾行機人,無,,2024/8/16,S32
鑽石杯,擺盪,冰結界,無,O,先攻,冰結界,無,,2024/8/16,S32
鑽石杯,擺盪,冰結界,無,O,先攻,冰結界,無,,2024/8/16,S32
鑽石杯,擺盪,冰結界,無,X,後攻,水GS,無,,2024/8/16,S32
鑽石杯,擺盪,冰結界,無,X,後攻,海晶,無,,2024/8/16,S32
鑽石杯,擺盪,冰結界,無,X,後攻,冰結界,無,,2024/8/16,S32
鑽石杯,擺盪,冰結界,無,O,先攻,冰結界,無,,2024/8/16,S32
鑽石杯,擺盪,冰結界,無,O,先攻,水GS,無,,2024/8/16,S32
白金3,烙印,神碑,無,O,先攻,荷魯斯,無,,2024/8/16,S32
鑽石杯,儀式,冰結界,無,X,後攻,水GS,無,,2024/8/17,S32
鑽石杯,儀式,冰結界,無,O,先攻,冰結界,無,,2024/8/17,S32
鑽石杯,儀式,冰結界,無,O,後攻,冰結界,無,,2024/8/17,S32
鑽石杯,主流,冰結界,無,O,先攻,海晶,無,,2024/8/17,S32
鑽石杯,主流,冰結界,無,O,後攻,水GS,無,,2024/8/17,S32
鑽石杯,主流,冰結界,無,O,先攻,冰結界,無,,2024/8/17,S32
鑽石杯,主流,冰結界,無,X,後攻,冰結界,無,,2024/8/17,S32
鑽石杯,主流,冰結界,無,O,先攻,威風魔靈,無,,2024/8/17,S32
鑽石杯,尤,冰結界,無,O,先攻,冰結界,無,,2024/8/17,S32
鑽石杯,尤,冰結界,無,O,後攻,旅鳥,無,,2024/8/17,S32
鑽石杯,尤,冰結界,無,X,後攻,水GS,無,,2024/8/17,S32
鑽石杯,尤,冰結界,無,O,先攻,冰結界,無,,2024/8/17,S32
鑽石杯,尤,冰結界,無,O,後攻,冰結界,無,,2024/8/17,S32
鑽石杯,烙印,冰結界,無,O,後攻,六花,無,,2024/8/17,S32
鑽石杯,烙印,冰結界,無,X,後攻,冰結界,無,,2024/8/17,S32
鑽石杯,烙印,冰結界,無,O,先攻,水GS,無,,2024/8/17,S32
鑽石杯,烙印,冰結界,無,X,後攻,冰結界,無,,2024/8/17,S32
鑽石杯,烙印,冰結界,無,O,先攻,妖仙獸,無,,2024/8/17,S32
鑽石杯,烙印,冰結界,無,O,先攻,冰結界,無,,2024/8/17,S32
鑽石杯,擺盪,冰結界,無,O,先攻,水GS,無,,2024/8/17,S32
鑽石杯,擺盪,冰結界,無,O,先攻,疾行機人,無,,2024/8/17,S32
鑽石杯,擺盪,冰結界,無,X,先攻,旅鳥,無,對手讓先 運氣不好可惜,2024/8/17,S32
鑽石杯,擺盪,冰結界,無,O,先攻,水GS,無,對手讓先,2024/8/17,S32
鑽石杯,擺盪,冰結界,無,O,先攻,旅鳥,無,,2024/8/17,S32
鑽1,主流,冰結界,無,O,先攻,炎獸,無,,2024/8/17,S32
鑽1,主流,冰結界,無,O,先攻,神碑,無,升大師,2024/8/17,S32
大師5,主流,冰結界,無,X,先攻,肅聲,無,,2024/8/17,S32
大師5,主流,冰結界,無,X,後攻,肅聲,無,,2024/8/17,S32
大師5,主流,冰結界,無,X,先攻,肅聲,無,,2024/8/17,S32
大師5,主流,冰結界,無,X,後攻,R-ACE,無,,2024/8/17,S32
大師5,主流,冰結界,無,O,先攻,冰結界,無,,2024/8/17,S32
白金3,烙印,神碑,無,O,後攻,珠淚,64壞,,2024/8/17,S32
白金3,烙印,神碑,無,O,先攻,R-ACE,無,,2024/8/17,S32
白金2,烙印,神碑,無,O,先攻,冰結界,無,,2024/8/17,S32
白金2,烙印,神碑,無,X,先攻,相劍,無,,2024/8/17,S32
白金2,烙印,神碑,無,O,先攻,冰結界,無,,2024/8/17,S32
白金2,烙印,神碑,無,X,後攻,珠淚,無,,2024/8/17,S32
白金2,烙印,神碑,無,O,先攻,冰結界,無,,2024/8/17,S32
白金2,烙印,神碑,無,X,後攻,炎獸,無,,2024/8/17,S32
白金2,烙印,神碑,無,X,先攻,相劍,無,,2024/8/17,S32
白金2,烙印,神碑,無,X,後攻,進化恐龍,無,,2024/8/17,S32
白金2,烙印,神碑,無,X,先攻,百夫,無,,2024/8/17,S32
白金2,烙印,神碑,無,O,先攻,霸王,魔術師,,2024/8/17,S32
白金2,烙印,神碑,無,O,先攻,百夫,白龍,,2024/8/17,S32
鑽石杯,主流,冰結界,無,O,後攻,水GS,無,,2024/8/18,S32
鑽石杯,主流,冰結界,無,O,後攻,冰結界,無,,2024/8/18,S32
鑽石杯,尤,冰結界,無,O,先攻,水GS,無,,2024/8/18,S32
鑽石杯,尤,冰結界,無,O,先攻,冰結界,無,,2024/8/18,S32
鑽石杯,烙印,冰結界,無,O,後攻,旅鳥,無,,2024/8/18,S32
鑽石杯,烙印,冰結界,無,X,後攻,威風魔靈,無,,2024/8/18,S32
鑽石杯,烙印,冰結界,無,O,先攻,LL,無,對手讓先,2024/8/18,S32
白金2,烙印,神碑,無,X,先攻,珠淚,64壞,,2024/8/18,S32
白金2,烙印,神碑,無,X,後攻,蛇眼,64壞,,2024/8/18,S32
白金2,烙印,神碑,無,X,後攻,銀河眼,無,,2024/8/18,S32
鑽石杯,擺盪,冰結界,無,O,先攻,冰結界,無,對手讓先,2024/8/18,S32
鑽石杯,擺盪,冰結界,無,X,先攻,冰結界,無,,2024/8/18,S32
鑽石杯,擺盪,冰結界,無,O,先攻,冰結界,無,,2024/8/18,S32
大師5,主流,炎王,蛇眼,O,後攻,聲選姬,斬機,,2024/8/18,S32
大師5,主流,炎王,蛇眼,O,先攻,Meta Beat,無,,2024/8/18,S32
大師5,主流,炎王,蛇眼,X,後攻,炎王,蛇眼,,2024/8/18,S32
大師5,主流,炎王,蛇眼,X,先攻,炎獸,無,,2024/8/18,S32
大師5,主流,炎王,蛇眼,O,先攻,冰結界,無,,2024/8/18,S32
大師5,主流,炎王,蛇眼,O,先攻,尤貝爾,破械,,2024/8/18,S32
大師5,主流,炎王,蛇眼,X,先攻,珠淚,64壞,,2024/8/18,S32
大師5,主流,炎王,蛇眼,X,先攻,荷魯斯,無,,2024/8/18,S32
大師5,主流,炎王,蛇眼,O,先攻,R-ACE,無,,2024/8/18,S32
大師5,主流,炎王,蛇眼,O,先攻,R-ACE,無,,2024/8/18,S32
大師5,主流,炎王,蛇眼,X,後攻,蛇眼,無,可惜牌不夠好過,2024/8/18,S32
大師5,主流,炎王,蛇眼,O,先攻,尤貝爾,破械,,2024/8/18,S32
大師5,主流,炎王,蛇眼,X,先攻,蛇眼,無,,2024/8/18,S32
大師5,主流,炎王,蛇眼,X,先攻,水GS,無,,2024/8/18,S32
大師5,主流,炎王,蛇眼,X,後攻,百夫,無,,2024/8/18,S32
大師5,主流,炎王,蛇眼,O,先攻,恐啡肽,無,,2024/8/18,S32
大師5,主流,炎王,蛇眼,X,後攻,尤貝爾,破械,,2024/8/18,S32
大師5,主流,炎王,蛇眼,O,先攻,旅鳥,無,,2024/8/18,S32
大師5,主流,炎王,蛇眼,X,後攻,冰結界,無,,2024/8/18,S32
大師5,主流,炎王,蛇眼,X,先攻,聲選姬,百夫,還有百夫 斬機 聲選姬,2024/8/19,S32
大師5,主流,炎王,蛇眼,X,先攻,64壞,無,,2024/8/19,S32
大師5,主流,炎王,蛇眼,X,後攻,烙印,無,,2024/8/19,S32
大師5,主流,炎王,蛇眼,O,後攻,古生物,珠淚,,2024/8/19,S32
大師5,主流,炎王,蛇眼,X,先攻,冰結界,勇者,,2024/8/19,S32
大師5,主流,炎王,蛇眼,X,後攻,肅聲,無,,2024/8/19,S32
大師5,主流,炎王,蛇眼,X,後攻,HERO,無,,2024/8/19,S32
大師5,主流,炎王,蛇眼,O,先攻,神碑,無,,2024/8/19,S32
大師5,主流,炎王,蛇眼,O,後攻,炎獸,無,,2024/8/19,S32
大師5,主流,炎王,蛇眼,X,先攻,Meta Beat,無,,2024/8/19,S32
大師5,主流,炎王,蛇眼,O,先攻,Meta Beat,無,,2024/8/19,S32
大師5,主流,炎王,蛇眼,O,後攻,冰結界,無,,2024/8/19,S32
大師5,主流,炎王,蛇眼,O,先攻,肅聲,無,,2024/8/19,S32
大師5,主流,炎王,蛇眼,O,先攻,同步GS,無,升大師4,2024/8/19,S32
大師4,主流,炎王,蛇眼,O,先攻,尤貝爾,破械,,2024/8/19,S32
鑽石杯,尤,冰結界,無,O,先攻,旅鳥,無,,2024/8/19,S32
鑽石杯,尤,冰結界,無,X,後攻,冰結界,無,,2024/8/19,S32
鑽石杯,尤,冰結界,無,X,後攻,冰結界,無,,2024/8/19,S32
鑽石杯,尤,冰結界,無,O,後攻,水GS,無,,2024/8/19,S32
鑽石杯,烙印,冰結界,無,X,後攻,海晶,無,,2024/8/19,S32
鑽石杯,烙印,冰結界,無,O,先攻,冰結界,無,,2024/8/19,S32
鑽石杯,烙印,冰結界,無,X,後攻,冰結界,無,,2024/8/19,S32
鑽石杯,烙印,冰結界,無,O,先攻,疾行機人,無,,2024/8/19,S32
鑽石杯,擺盪,冰結界,無,O,先攻,冰結界,無,,2024/8/19,S32
鑽石杯,擺盪,冰結界,無,O,後攻,旅鳥,無,,2024/8/19,S32
大師4,主流,炎王,蛇眼,O,後攻,冰結界,無,,2024/8/20,S32
大師4,主流,炎王,蛇眼,X,先攻,珠淚,天琴,,2024/8/20,S32
大師4,主流,炎王,蛇眼,X,先攻,閃刀姬,無,白雪拓譜OTK,2024/8/20,S32
大師4,主流,炎王,蛇眼,X,後攻,珠淚,無,超扯 炎龍剛好被吸走==,2024/8/20,S32
大師4,主流,炎王,蛇眼,X,先攻,神碑,無,,2024/8/20,S32
大師4,主流,炎王,蛇眼,X,後攻,純愛,無,,2024/8/20,S32
大師5,主流,炎王,蛇眼,O,先攻,百夫,無,,2024/8/20,S32
大師5,主流,炎王,蛇眼,X,先攻,炎王,蛇眼,,2024/8/20,S32
大師5,主流,炎王,蛇眼,X,後攻,珠淚,勇者,,2024/8/20,S32
大師5,主流,炎王,蛇眼,X,先攻,冰結界,無,,2024/8/20,S32
大師5,主流,炎王,蛇眼,O,先攻,冰結界,無,,2024/8/20,S32
大師5,主流,炎王,蛇眼,O,先攻,蟲惑魔,百夫,,2024/8/20,S32
大師5,主流,炎王,蛇眼,O,後攻,炎王,蛇眼,,2024/8/20,S32
大師5,主流,炎王,蛇眼,O,先攻,白銀城,無,,2024/8/20,S32
大師5,主流,炎王,蛇眼,X,後攻,尤貝爾,破械,,2024/8/20,S32
大師5,主流,炎王,蛇眼,O,先攻,同步GS,百夫,,2024/8/20,S32
大師5,主流,炎王,蛇眼,X,先攻,尤貝爾,破械,,2024/8/20,S32
大師5,主流,炎王,蛇眼,O,先攻,御巫,無,,2024/8/20,S32
大師5,主流,炎王,蛇眼,O,先攻,電子龍,無,對手讓先 升回大師4,2024/8/20,S32
鑽石杯,主流,冰結界,無,O,先攻,水GS,無,,2024/8/20,S32
鑽石杯,主流,冰結界,無,O,先攻,冰結界,無,,2024/8/20,S32
鑽石杯,主流,冰結界,無,O,後攻,古生物,無,,2024/8/20,S32
鑽石杯,主流,冰結界,無,X,先攻,冰結界,無,,2024/8/20,S32
鑽石杯,主流,冰結界,無,O,先攻,冰結界,無,,2024/8/20,S32
鑽石杯,尤,冰結界,無,O,先攻,水GS,無,,2024/8/20,S32
鑽石杯,尤,冰結界,無,X,後攻,旅鳥,無,,2024/8/20,S32
鑽石杯,尤,冰結界,無,O,先攻,古生物,無,,2024/8/20,S32
鑽石杯,尤,冰結界,無,O,後攻,旅鳥,無,,2024/8/20,S32
鑽石杯,尤,冰結界,無,O,先攻,海晶,冰結界,,2024/8/20,S32
鑽石杯,烙印,冰結界,無,O,先攻,冰結界,無,,2024/8/20,S32
鑽石杯,烙印,冰結界,無,O,後攻,冰結界,無,,2024/8/20,S32
鑽石杯,烙印,冰結界,無,O,後攻,水GS,無,對手自己投了,2024/8/20,S32
鑽石杯,烙印,冰結界,無,X,先攻,旅鳥,無,吃了兩張傑抗==,2024/8/20,S32
鑽石杯,烙印,冰結界,無,X,先攻,疾行機人,無,,2024/8/20,S32
鑽石杯,烙印,冰結界,無,O,先攻,疾行機人,無,,2024/8/20,S32
鑽石杯,烙印,冰結界,無,O,先攻,冰結界,無,,2024/8/20,S32
鑽石杯,烙印,冰結界,無,O,先攻,冰結界,無,,2024/8/20,S32
鑽石杯,擺盪,冰結界,無,O,先攻,冰結界,無,,2024/8/20,S32
鑽石杯,擺盪,冰結界,無,X,後攻,冰結界,無,,2024/8/20,S32
鑽石杯,擺盪,冰結界,無,O,先攻,冰結界,無,,2024/8/20,S32
鑽石杯,主流,冰結界,無,X,先攻,水GS,無,,2024/8/21,S32
鑽石杯,主流,冰結界,無,X,後攻,海晶,無,,2024/8/21,S32
鑽石杯,主流,冰結界,無,X,先攻,旅鳥,無,,2024/8/21,S32
鑽石杯,主流,冰結界,無,O,先攻,水GS,無,,2024/8/21,S32
鑽石杯,主流,冰結界,無,O,先攻,冰結界,無,,2024/8/21,S32
鑽石杯,尤,冰結界,無,X,先攻,旅鳥,無,,2024/8/21,S32
鑽石杯,尤,冰結界,無,X,後攻,六花,無,,2024/8/21,S32
鑽石杯,尤,冰結界,無,X,後攻,奕勇,無,,2024/8/21,S32
鑽石杯,尤,冰結界,無,O,先攻,水GS,無,,2024/8/21,S32
鑽石杯,尤,冰結界,無,O,先攻,六花,無,,2024/8/21,S32
鑽石杯,烙印,冰結界,無,O,先攻,冰結界,無,,2024/8/21,S32
鑽石杯,烙印,冰結界,無,O,後攻,冰結界,無,,2024/8/21,S32
鑽石杯,擺盪,冰結界,無,X,後攻,旅鳥,無,,2024/8/21,S32
鑽石杯,擺盪,冰結界,無,X,後攻,冰結界,無,,2024/8/21,S32
鑽石杯,擺盪,冰結界,無,O,先攻,水GS,無,,2024/8/21,S32
鑽石杯,擺盪,冰結界,無,O,後攻,古生物,無,,2024/8/21,S32
鑽石杯,主流,冰結界,無,X,先攻,冰結界,無,,2024/8/26,S32
鑽石杯,主流,冰結界,無,O,先攻,冰結界,無,,2024/8/26,S32
鑽石杯,主流,冰結界,無,O,先攻,水GS,無,,2024/8/26,S32
鑽石杯,主流,冰結界,無,O,後攻,威風魔靈,無,,2024/8/26,S32
鑽石杯,主流,冰結界,無,X,後攻,旅鳥,無,,2024/8/26,S32
鑽石杯,主流,冰結界,無,X,後攻,旅鳥,無,,2024/8/26,S32
鑽石杯,主流,冰結界,無,O,先攻,古生物,無,,2024/8/26,S32
大師4,主流,炎王,蛇眼,X,後攻,海晶,無,,2024/8/28,S32
大師4,主流,炎王,蛇眼,X,後攻,肅聲,無,被貼貼紙動不了,2024/8/28,S32
大師4,主流,炎王,蛇眼,X,後攻,百夫,無,G丟失誤 但牌真的爛,2024/8/28,S32
大師5,主流,炎王,蛇眼,X,後攻,珠淚,64壞,,2024/8/28,S32
大師5,主流,炎王,蛇眼,O,後攻,肅聲,無,,2024/8/28,S32
鑽3,尤,尤貝爾,破械,O,後攻,64壞,無,對手直接投,2024/8/28,S32
鑽3,尤,尤貝爾,破械,O,後攻,肅聲,教導,,2024/8/28,S32
大師5,主流,炎王,蛇眼,O,先攻,百夫,紅惡魔龍,,2024/8/29,S32
大師5,主流,炎王,蛇眼,O,先攻,聲選姬,無,,2024/8/29,S32
大師5,主流,炎王,蛇眼,X,先攻,烙印,珠淚,打到超時,2024/8/29,S32
鑽3,尤,尤貝爾,破械,X,先攻,珠淚,荷魯斯,60構築 打得不夠好 中G,2024/8/29,S32
鑽3,尤,尤貝爾,破械,O,後攻,64壞,無,,2024/8/29,S32
鑽3,尤,尤貝爾,破械,O,先攻,黑羽,無,升鑽2,2024/8/29,S32
白金1,烙印,Meta Beat,無,O,先攻,尤貝爾,破械,,2024/8/29,S32
白金1,烙印,Meta Beat,無,O,後攻,黑魔導,無,,2024/8/29,S32
白金1,烙印,Meta Beat,無,O,後攻,雪女,無,好久沒遇到牌破的牌組了,2024/8/29,S32
白金1,烙印,Meta Beat,無,O,先攻,斬機,無,升鑽5,2024/8/29,S32
大師5,主流,炎王,蛇眼,O,後攻,烙印,無,,2024/8/30,S32
鑽2,尤,尤貝爾,破械,O,先攻,肅聲,無,,2024/8/30,S32
鑽5,烙印,Meta Beat,無,X,後攻,烙印,珠淚,,2024/8/30,S32
鑽5,烙印,Meta Beat,無,X,先攻,魔界劇團,無,,2024/8/30,S32
鑽5,烙印,Meta Beat,無,X,先攻,白銀城,無,,2024/8/30,S32
鑽4,儀式,肅聲,無,O,先攻,燒血,無,,2024/8/31,S32
鑽4,本帳,珠淚,64壞,X,後攻,肅聲,無,,2024/8/31,S32
鑽4,本帳,珠淚,64壞,X,後攻,冰結界,無,,2024/8/31,S32
鑽4,本帳,珠淚,64壞,X,先攻,相劍,無,,2024/8/31,S32
鑽5,本帳,珠淚,64壞,O,後攻,FTK,無,,2024/8/31,S32
大師5,主流,炎王,蛇眼,O,後攻,伊格尼斯,無,,2024/8/31,S32
大師5,主流,炎王,蛇眼,O,後攻,恐啡肽,無,,2024/8/31,S32
大師4,主流,冰結界,無,X,先攻,百夫,無,,2024/8/31,S32
大師4,主流,冰結界,無,O,後攻,黑魔導,無,,2024/8/31,S32
大師4,主流,冰結界,無,X,先攻,肅聲,無,,2024/8/31,S32
鑽2,尤,尤貝爾,破械,X,先攻,百夫,紅惡魔龍,,2024/8/31,S32
鑽2,尤,尤貝爾,破械,O,先攻,閃刀姬,無,,2024/8/31,S32
鑽2,尤,銀河眼,無,X,先攻,尤貝爾,破械,,2024/8/31,S32
鑽5,烙印,Meta Beat,無,O,先攻,珠淚,64壞,,2024/8/31,S32
鑽5,烙印,Meta Beat,無,O,後攻,尤貝爾,破械,,2024/8/31,S32
鑽5,烙印,Meta Beat,無,O,先攻,冰結界,無,,2024/8/31,S32
鑽5,烙印,Meta Beat,無,O,先攻,閃刀姬,無,,2024/8/31,S32
鑽4,烙印,神碑,無,O,先攻,冰結界,無,,2024/8/31,S32
鑽4,烙印,烙印,無,O,先攻,御巫,無,,2024/8/31,S32
鑽4,烙印,Meta Beat,無,X,後攻,Meta Beat,無,,2024/8/31,S32
鑽4,烙印,Meta Beat,無,X,先攻,VS,64壞,,2024/8/31,S32
鑽4,烙印,Meta Beat,無,O,先攻,RR,無,,2024/8/31,S32
鑽4,烙印,Meta Beat,無,O,後攻,斬機,無,,2024/8/31,S32
鑽5,主流,炎王,蛇眼,O,後攻,荷魯斯,無,,2024/9/1,S33
白金5,尤,尤貝爾,破械,O,先攻,尤貝爾,破械,,2024/9/1,S33
白金5,烙印,Meta Beat,無,O,後攻,影依,無,,2024/9/1,S33
鑽5,主流,炎王,蛇眼,X,後攻,百夫,超重,,2024/9/2,S33
鑽5,主流,炎王,蛇眼,X,後攻,尤貝爾,破械,,2024/9/2,S33
鑽5,主流,炎王,蛇眼,X,後攻,炎王,蛇眼,,2024/9/2,S33
鑽5,主流,炎王,蛇眼,O,後攻,珠淚,無,,2024/9/2,S33
白金5,尤,尤貝爾,破械,X,先攻,肅聲,無,,2024/9/2,S33
白金5,尤,尤貝爾,破械,X,後攻,炎王,蛇眼,,2024/9/2,S33
白金5,尤,尤貝爾,破械,X,後攻,炎王,蛇眼,,2024/9/2,S33
白金5,尤,尤貝爾,破械,O,後攻,RR,無,,2024/9/2,S33
白金4,烙印,Meta Beat,無,X,先攻,FTK,無,,2024/9/2,S33
白金4,烙印,Meta Beat,無,O,後攻,珠淚,64壞,,2024/9/2,S33
白金4,烙印,Meta Beat,無,O,先攻,荷魯斯,無,升鑽4,2024/9/2,S33
白金4,烙印,Meta Beat,無,X,後攻,百夫,無,,2024/9/2,S33
白金4,烙印,Meta Beat,無,X,先攻,百夫,無,吃到兩張拮抗,2024/9/2,S33
白金4,烙印,Meta Beat,無,X,先攻,尤貝爾,破械,吃羽掃,2024/9/2,S33
白金4,烙印,Meta Beat,無,X,先攻,FTK,無,,2024/9/2,S33
白金5,烙印,Meta Beat,無,X,先攻,記憶物,無,,2024/9/2,S33
白金5,烙印,Meta Beat,無,O,先攻,荷魯斯,無,,2024/9/2,S33
白金5,烙印,Meta Beat,無,X,後攻,焰聖,御巫,,2024/9/2,S33
白金5,烙印,Meta Beat,無,O,後攻,水GS,無,,2024/9/2,S33
白金5,烙印,Meta Beat,無,X,後攻,RR,無,,2024/9/2,S33
白金5,烙印,Meta Beat,無,X,後攻,Meta Beat,無,,2024/9/2,S33
白金5,烙印,Meta Beat,無,O,後攻,雷精,無,,2024/9/2,S33
白金5,烙印,Meta Beat,無,O,後攻,FTK,無,,2024/9/2,S33
白金5,烙印,Meta Beat,無,X,後攻,R-ACE,無,,2024/9/2,S33
白金5,烙印,Meta Beat,無,X,先攻,荷魯斯,無,,2024/9/2,S33
白金5,烙印,Meta Beat,無,X,後攻,64壞,無,,2024/9/2,S33
白金5,烙印,Meta Beat,無,X,後攻,R-ACE,無,,2024/9/2,S33
白金5,烙印,Meta Beat,無,X,先攻,純愛,無,,2024/9/2,S33
白金5,烙印,Meta Beat,無,O,後攻,珠淚,無,,2024/9/2,S33
白金5,烙印,Meta Beat,無,O,後攻,聲選姬,無,,2024/9/2,S33
白金5,烙印,Meta Beat,無,X,先攻,珠淚,54壞,,2024/9/2,S33
白金5,烙印,Meta Beat,無,O,後攻,FTK,無,,2024/9/2,S33
白金5,烙印,Meta Beat,無,X,先攻,FTK,無,,2024/9/2,S33
白金5,烙印,Meta Beat,無,X,先攻,RR,無,,2024/9/2,S33
白金5,烙印,Meta Beat,無,O,先攻,尤貝爾,破械,,2024/9/2,S33
白金5,烙印,Meta Beat,無,O,先攻,肅聲,無,,2024/9/2,S33
白金5,烙印,Meta Beat,無,O,先攻,烙印,無,,2024/9/2,S33
白金5,烙印,Meta Beat,無,O,後攻,RR,無,,2024/9/2,S33
白金5,儀式,肅聲,無,O,後攻,忍者,無,,2024/9/3,S33
白金5,本帳,珠淚,64壞,O,後攻,尤貝爾,破械,,2024/9/3,S33
鑽5,主流,炎王,蛇眼,O,後攻,水GS,無,,2024/9/3,S33
白金5,尤,尤貝爾,破械,O,先攻,神碑,古生物,,2024/9/3,S33
白金4,烙印,Meta Beat,無,O,先攻,純愛,無,,2024/9/3,S33
白金4,烙印,Meta Beat,無,O,先攻,同步GS,無,,2024/9/3,S33
鑽5,主流,炎王,蛇眼,O,後攻,64壞,54壞,,2024/9/4,S33
白金4,烙印,Meta Beat,無,O,先攻,驅魔修女,無,,2024/9/4,S33
白金4,烙印,Meta Beat,無,X,先攻,FTK,無,,2024/9/4,S33
白金4,烙印,Meta Beat,無,O,後攻,斬機,無,,2024/9/4,S33
白金4,烙印,Meta Beat,無,O,先攻,水GS,珠淚,升白金3,2024/9/4,S33
鑽5,主流,炎王,蛇眼,O,後攻,尤貝爾,破械,升鑽4,2024/9/5,S33
白金5,尤,尤貝爾,破械,O,後攻,奕勇,無,,2024/9/5,S33
白金3,烙印,Meta Beat,無,O,先攻,電腦堺,無,,2024/9/5,S33
白金3,烙印,Meta Beat,無,O,後攻,同步GS,勇者,,2024/9/5,S33
白金5,儀式,肅聲,無,O,先攻,紅惡魔龍,無,對手讓先,2024/9/6,S33
鑽4,主流,炎王,蛇眼,X,先攻,烙印,無,墓指+一滴就被解了,2024/9/6,S33
白金5,尤,尤貝爾,破械,O,後攻,蛇眼,64壞,,2024/9/6,S33
白金3,烙印,Meta Beat,無,X,後攻,烙印,無,,2024/9/6,S33
白金3,烙印,Meta Beat,無,O,後攻,珠淚,64壞,對手自己投了,2024/9/6,S33
白金3,烙印,Meta Beat,無,O,先攻,肅聲,無,,2024/9/8,S33
鑽4,主流,炎王,蛇眼,O,先攻,珠淚,荷魯斯,,2024/9/8,S33
鑽4,主流,炎王,蛇眼,O,先攻,Meta Beat,無,,2024/9/8,S33
白金4,尤,尤貝爾,破械,O,先攻,炎王,蛇眼,,2024/9/8,S33
白金3,烙印,烙印,無,X,先攻,紅惡魔龍,無,,2024/9/9,S33
白金3,烙印,烙印,無,O,先攻,炎王,蛇眼,,2024/9/9,S33
白金5,本帳,珠淚,64壞,O,後攻,水GS,無,,2024/9/10,S33
鑽4,主流,炎王,蛇眼,X,先攻,燒血,無,對手讓先,2024/9/10,S33
鑽4,主流,炎王,蛇眼,X,先攻,珠淚,64壞,,2024/9/10,S33
白金4,尤,尤貝爾,破械,X,先攻,珠淚,64壞,,2024/9/10,S33
白金4,尤,尤貝爾,破械,O,先攻,黑羽,無,,2024/9/10,S33
白金3,烙印,烙印,無,O,先攻,記憶物,無,升白金2,2024/9/10,S33
白金2,烙印,烙印,無,X,後攻,百夫,相劍,,2024/9/10,S33
白金5,本帳,珠淚,64壞,O,先攻,銀河眼,無,,2024/9/10,S33
白金5,本帳,珠淚,64壞,O,後攻,FTK,無,,2024/9/10,S33
鑽4,主流,炎王,蛇眼,X,先攻,旅鳥,無,,2024/9/10,S33
鑽4,主流,炎王,蛇眼,O,後攻,FTK,無,,2024/9/10,S33
鑽4,主流,炎王,蛇眼,O,先攻,荷魯斯,64壞,,2024/9/10,S33
鑽4,主流,炎王,蛇眼,X,後攻,水GS,百夫,,2024/9/10,S33
白金2,烙印,烙印,無,X,後攻,純愛,無,抽到太多廢件,2024/9/11,S33
白金2,烙印,烙印,無,O,先攻,斬機,無,卡手好險抽到割草,2024/9/11,S33
白金5,儀式,肅聲,無,O,先攻,烙印,無,,2024/9/11,S33
鑽4,主流,炎王,蛇眼,O,後攻,64壞,無,,2024/9/11,S33
鑽4,主流,炎王,蛇眼,X,後攻,Meta Beat,無,,2024/9/11,S33
白金4,尤,尤貝爾,破械,O,後攻,白龍,無,,2024/9/11,S33
白金4,尤,尤貝爾,破械,O,後攻,珠淚,64壞,,2024/9/11,S33
白金4,尤,尤貝爾,破械,O,後攻,烙印,無,升白金3,2024/9/11,S33
鑽4,主流,炎王,蛇眼,O,後攻,霸王,魔術師,,2024/9/12,S33
白金3,尤,尤貝爾,破械,O,後攻,珠淚,64壞,,2024/9/12,S33
白金2,烙印,烙印,無,X,先攻,珠淚,荷魯斯,,2024/9/12,S33
白金4,本帳,珠淚,64壞,X,先攻,燒血,無,,2024/9/13,S33
鑽4,主流,炎王,蛇眼,O,先攻,黑羽,無,,2024/9/13,S33
鑽4,主流,炎王,蛇眼,O,先攻,驅魔修女,無,對手讓先 升鑽3,2024/9/13,S33
白金4,尤,尤貝爾,破械,O,先攻,電子龍,無,對手讓先,2024/9/13,S33
白金2,烙印,烙印,無,O,先攻,紅惡魔龍,百夫,,2024/9/13,S33
鑽3,主流,炎王,蛇眼,O,後攻,尤貝爾,破械,,2024/9/15,S33
白金4,尤,尤貝爾,破械,O,後攻,珠淚,無,,2024/9/15,S33
白金2,烙印,烙印,無,X,先攻,尤貝爾,破械,,2024/9/15,S33
白金2,烙印,烙印,無,X,先攻,尤貝爾,破械,,2024/9/15,S33
白金2,烙印,烙印,無,X,後攻,古生物,無,,2024/9/15,S33
鑽3,主流,炎王,蛇眼,X,後攻,荷魯斯,無,手牌爛,2024/9/17,S33
鑽3,主流,炎王,蛇眼,X,後攻,尤貝爾,破械,失誤,2024/9/17,S33
白金3,尤,尤貝爾,破械,X,後攻,Meta Beat,無,,2024/9/17,S33
白金3,尤,尤貝爾,破械,O,後攻,炎獸,64壞,,2024/9/17,S33
白金2,烙印,烙印,無,O,後攻,旅鳥,無,,2024/9/17,S33
白金2,烙印,烙印,無,X,後攻,十二獸,無,,2024/9/17,S33
DC Cup,主流,炎王,蛇眼,O,後攻,尤貝爾,破械,,2024/9/18,S33
DC Cup,主流,炎王,蛇眼,X,後攻,神碑,無,,2024/9/18,S33
DC Cup,主流,炎王,蛇眼,O,後攻,肅聲,無,,2024/9/18,S33
DC Cup,尤,尤貝爾,破械,O,後攻,炎王,蛇眼,,2024/9/18,S33
DC Cup,尤,尤貝爾,破械,X,後攻,珠淚,無,,2024/9/18,S33
DC Cup,尤,尤貝爾,破械,O,後攻,古巨基,無,,2024/9/18,S33
DC Cup,烙印,Meta Beat,無,O,先攻,炎王,蛇眼,,2024/9/18,S33
DC Cup,烙印,Meta Beat,無,O,先攻,FTK,無,,2024/9/18,S33
DC Cup,主流,炎王,蛇眼,O,先攻,冰結界,無,,2024/9/19,S33
DC Cup,主流,炎王,蛇眼,X,後攻,珠淚,無,,2024/9/19,S33
DC Cup,尤,尤貝爾,破械,O,先攻,Unknown,無,,2024/9/19,S33
DC Cup,尤,尤貝爾,破械,O,先攻,烙印,無,,2024/9/19,S33
DC Cup,烙印,Meta Beat,無,X,後攻,蛇眼,64壞,,2024/9/19,S33
DC Cup,烙印,Meta Beat,無,O,先攻,百夫,無,,2024/9/19,S33
DC Cup,烙印,Meta Beat,無,O,後攻,Meta Beat,無,,2024/9/19,S33
DC Cup,主流,炎王,蛇眼,O,後攻,尤貝爾,破械,,2024/9/20,S33
DC Cup,尤,尤貝爾,破械,O,後攻,霸王,魔術師,,2024/9/20,S33
DC Cup,烙印,Meta Beat,無,O,後攻,黑魔導,VS,,2024/9/20,S33
DC Cup,主流,炎王,蛇眼,O,後攻,肅聲,無,,2024/9/21,S33
DC Cup,主流,炎王,蛇眼,O,先攻,64壞,無,,2024/9/21,S33
DC Cup,尤,尤貝爾,破械,O,先攻,烙印,無,,2024/9/21,S33
DC Cup,烙印,Meta Beat,無,O,先攻,尤貝爾,破械,,2024/9/21,S33
DC Cup,烙印,Meta Beat,無,O,先攻,珠淚,無,,2024/9/21,S33
DC Cup,主流,炎王,蛇眼,O,先攻,HERO,無,,2024/9/22,S33
DC Cup,尤,尤貝爾,破械,O,先攻,Unknown,無,,2024/9/22,S33
DC Cup,烙印,Meta Beat,無,X,先攻,珠淚,荷魯斯,,2024/9/22,S33
DC Cup,烙印,Meta Beat,無,O,先攻,RR,無,,2024/9/22,S33
DC Cup,主流,炎王,蛇眼,O,先攻,白銀城,無,,2024/9/24,S33
DC Cup,尤,尤貝爾,破械,O,後攻,珠淚,64壞,,2024/9/24,S33
DC Cup,烙印,Meta Beat,無,O,先攻,黑羽,無,對手讓先,2024/9/24,S33
DC Cup,主流,炎王,蛇眼,O,先攻,64壞,無,,2024/9/26,S33
DC Cup,尤,尤貝爾,破械,X,先攻,Meta Beat,無,超時,2024/9/26,S33
DC Cup,烙印,Meta Beat,無,O,後攻,Unknown,無,,2024/9/26,S33
DC Cup,主流,炎王,蛇眼,O,先攻,烙印,無,,2024/9/27,S33
DC Cup,主流,炎王,蛇眼,O,先攻,古巨基,無,對手讓先,2024/9/27,S33
DC Cup,尤,尤貝爾,破械,X,後攻,FTK,無,,2024/9/27,S33
DC Cup,烙印,Meta Beat,無,O,先攻,Unknown,無,對手讓先,2024/9/27,S33
DC Cup,烙印,Meta Beat,無,O,後攻,珠淚,無,,2024/9/27,S33
DC Cup,主流,炎王,蛇眼,O,先攻,HERO,無,,2024/9/28,S33
DC Cup,尤,尤貝爾,破械,O,先攻,斬機,無,對手讓先,2024/9/28,S33
DC Cup,尤,尤貝爾,破械,O,後攻,銀河眼,無,,2024/9/28,S33
DC Cup,烙印,Meta Beat,無,O,後攻,百夫,無,,2024/9/28,S33
DC Cup,烙印,Meta Beat,無,O,先攻,Unknown,無,,2024/9/28,S33
鑽3,主流,炎王,蛇眼,X,先攻,冰結界,無,時間到,2024/9/30,S33
白金3,尤,尤貝爾,破械,O,後攻,炎王,蛇眼,,2024/9/30,S33
白金2,烙印,Meta Beat,無,X,後攻,珠淚,無,升白金二,2024/9/30,S33
白金2,烙印,Meta Beat,無,O,先攻,銀河眼,荷魯斯,對手讓先,2024/9/30,S33
白金5,主流,炎王,蛇眼,X,後攻,水GS,雷精,,2024/10/1,S34
白金5,主流,炎王,蛇眼,O,先攻,荷魯斯,雷龍,,2024/10/1,S34
金5,尤,尤貝爾,破械,O,先攻,相劍,無,,2024/10/1,S34
金5,烙印,Meta Beat,無,O,先攻,尤貝爾,破械,,2024/10/1,S34
白金5,主流,炎王,蛇眼,O,先攻,尤貝爾,破械,時間到,2024/10/3,S34
金5,尤,尤貝爾,破械,O,後攻,伊格尼斯,無,,2024/10/3,S34
金5,烙印,Meta Beat,無,O,先攻,尤貝爾,破械,,2024/10/3,S34
白金5,主流,炎王,蛇眼,O,後攻,FTK,無,,2024/10/4,S34
白金5,主流,炎王,蛇眼,X,先攻,荷魯斯,無,超時,2024/10/4,S34
金5,尤,尤貝爾,破械,O,先攻,FTK,無,對手讓先,2024/10/4,S34
金5,烙印,Meta Beat,無,O,後攻,炎王,蛇眼,,2024/10/4,S34
白金5,主流,炎王,蛇眼,O,先攻,FTK,無,,2024/10/5,S34
金5,尤,尤貝爾,破械,O,先攻,R-ACE,焰聖,升金四,2024/10/5,S34
金5,烙印,Meta Beat,無,O,先攻,雷精,雙子,升金四,2024/10/5,S34
金4,烙印,Meta Beat,無,O,先攻,古巨基,無,對手讓先,2024/10/5,S34
金4,烙印,Meta Beat,無,X,先攻,百夫,蛇眼,,2024/10/7,S34
金4,烙印,Meta Beat,無,X,後攻,疾行機人,無,,2024/10/7,S34
金4,烙印,Meta Beat,無,O,先攻,御巫,無,對手讓先,2024/10/7,S34
白金5,主流,炎王,蛇眼,O,後攻,相劍,無,,2024/10/7,S34
白金5,主流,炎王,蛇眼,X,先攻,蟲惑魔,無,卡手,2024/10/7,S34
白金5,主流,炎王,蛇眼,O,先攻,神碑,無,,2024/10/7,S34
金4,尤,尤貝爾,破械,X,後攻,旅鳥,無,,2024/10/7,S34
金4,尤,尤貝爾,破械,O,先攻,HERO,無,對手讓先,2024/10/7,S34
白金5,主流,炎王,蛇眼,X,後攻,雷精,雙子,,2024/10/8,S34
白金5,主流,炎王,蛇眼,O,先攻,DDD,無,,2024/10/8,S34
金4,尤,尤貝爾,破械,O,後攻,FTK,無,,2024/10/8,S34
金4,烙印,Meta Beat,無,X,後攻,燒血,無,,2024/10/8,S34
金4,烙印,Meta Beat,無,O,先攻,同步GS,無,,2024/10/8,S34
金4,烙印,Meta Beat,無,O,先攻,水GS,無,升金3,2024/10/8,S34
白金5,主流,冰結界,無,X,先攻,天盃,無,,2024/10/10,S34
白金5,主流,冰結界,無,O,後攻,FTK,無,,2024/10/10,S34
金4,尤,尤貝爾,破械,O,先攻,FTK,無,,2024/10/10,S34
金3,烙印,烙印,無,O,先攻,相劍,無,,2024/10/10,S34
金4,尤,尤貝爾,破械,X,先攻,54壞,無,,2024/10/11,S34
金4,尤,尤貝爾,破械,X,後攻,相劍,無,對手牌超好,2024/10/11,S34
金4,尤,尤貝爾,破械,O,先攻,FTK,無,對手讓先,2024/10/11,S34
金3,烙印,烙印,無,X,先攻,FTK,無,,2024/10/11,S34
白金5,主流,冰結界,無,O,後攻,燒血,無,,2024/10/11,S34
白金5,主流,冰結界,無,X,後攻,尤貝爾,破械,,2024/10/11,S34
白金5,主流,冰結界,無,O,先攻,神碑,無,,2024/10/11,S34
白金5,主流,冰結界,無,X,後攻,光道,無,,2024/10/11,S34
白金5,主流,冰結界,無,O,後攻,FTK,無,,2024/10/11,S34
白金5,主流,冰結界,無,O,後攻,HERO,無,升白金四,2024/10/11,S34
白金4,主流,天盃,無,O,後攻,同步GS,無,,2024/10/12,S34
白金4,主流,天盃,無,O,後攻,白龍,無,,2024/10/12,S34
金3,尤,尤貝爾,破械,O,後攻,尤貝爾,破械,,2024/10/12,S34
金3,烙印,烙印,無,O,先攻,忍者,無,對手讓先,2024/10/12,S34
白金4,主流,天盃,無,O,後攻,珠淚,荷魯斯,,2024/10/12,S34
白金4,主流,天盃,無,X,先攻,天盃,無,對手讓先,2024/10/13,S34
金3,尤,尤貝爾,破械,O,先攻,十二獸,無,,2024/10/13,S34
金3,烙印,烙印,無,X,後攻,RR,無,,2024/10/13,S34
金3,烙印,烙印,無,O,先攻,荷魯斯,無,,2024/10/13,S34
白金4,主流,天盃,無,X,後攻,閃刀姬,無,,2024/10/14,S34
白金4,主流,天盃,無,X,後攻,天琴,無,,2024/10/14,S34
白金4,主流,天盃,無,O,後攻,肅聲,無,,2024/10/14,S34
白金4,主流,天盃,無,O,後攻,肅聲,無,,2024/10/14,S34
白金4,主流,天盃,無,O,後攻,FTK,無,,2024/10/14,S34
白金4,主流,天盃,無,O,後攻,百夫,無,升白金3,2024/10/14,S34
白金3,主流,天盃,無,X,後攻,恐啡肽,無,,2024/10/14,S34
白金3,主流,天盃,無,X,先攻,古巨基,無,對手讓先,2024/10/14,S34
白金3,主流,天盃,無,O,先攻,天盃,無,對手讓先,2024/10/14,S34
白金3,主流,天盃,無,O,先攻,FTK,無,對手讓先,2024/10/14,S34
白金3,主流,天盃,無,X,後攻,疾行機人,無,,2024/10/14,S34
白金3,主流,天盃,無,O,後攻,冰結界,相劍,,2024/10/14,S34
白金3,主流,天盃,無,O,後攻,六花,無,,2024/10/14,S34
白金3,主流,天盃,無,O,後攻,RR,無,升白金二,2024/10/14,S34
白金2,主流,天盃,無,O,先攻,天盃,無,對手讓先,2024/10/14,S34
金3,尤,尤貝爾,破械,O,先攻,FTK,HERO,對手讓先,2024/10/14,S34
金3,烙印,烙印,無,O,先攻,白龍,無,升金二,2024/10/14,S34
金2,烙印,烙印,無,O,先攻,白銀城,無,,2024/10/15,S34
金2,烙印,烙印,無,O,先攻,FTK,無,對手讓先 真紅眼,2024/10/15,S34
白金2,主流,天盃,無,O,後攻,DDD,無,,2024/10/15,S34
白金2,主流,天盃,無,X,後攻,尤貝爾,破械,對手牌太大,2024/10/15,S34
金3,尤,尤貝爾,破械,O,先攻,白龍,無,升金2,2024/10/15,S34
金2,尤,尤貝爾,破械,O,後攻,霸王,魔術師,,2024/10/15,S34
白金2,主流,天盃,無,O,後攻,紅惡魔龍,百夫,,2024/10/16,S34
白金2,主流,天盃,無,O,後攻,相劍,64壞,,2024/10/16,S34
白金2,主流,天盃,無,O,後攻,靈獸,無,,2024/10/16,S34
金2,烙印,Meta Beat,無,O,先攻,FTK,無,,2024/10/16,S34
金2,烙印,Meta Beat,無,X,後攻,HERO,無,,2024/10/16,S34
金2,尤,白銀城,無,O,先攻,天盃,無,,2024/10/16,S34
鑽石杯,主流,百夫,無,O,先攻,烙印,無,,2024/10/17,S34
鑽石杯,主流,百夫,無,X,先攻,影依,無,,2024/10/17,S34
鑽石杯,主流,百夫,無,X,後攻,聲選姬,無,,2024/10/17,S34
鑽石杯,主流,百夫,無,X,先攻,古巨基,無,,2024/10/17,S34
鑽石杯,主流,百夫,無,X,先攻,古巨基,無,,2024/10/17,S34
鑽石杯,主流,冰結界,無,O,後攻,黑羽,百夫,,2024/10/17,S34
鑽石杯,尤,百夫,無,O,後攻,炎獸,無,,2024/10/17,S34
鑽石杯,烙印,百夫,無,O,先攻,HERO,無,,2024/10/17,S34
鑽石杯,主流,冰結界,無,X,後攻,水GS,無,,2024/10/17,S34
鑽石杯,主流,冰結界,無,X,先攻,FTK,無,,2024/10/17,S34
鑽石杯,主流,冰結界,無,O,後攻,恩底米翁,無,,2024/10/17,S34
鑽石杯,主流,冰結界,無,O,先攻,閃刀姬,無,,2024/10/18,S34
鑽石杯,尤,百夫,無,X,先攻,神碑,無,,2024/10/18,S34
鑽石杯,尤,百夫,無,O,後攻,HERO,無,,2024/10/18,S34
鑽石杯,烙印,百夫,無,X,後攻,雷精,雙子,,2024/10/18,S34
鑽石杯,烙印,百夫,無,X,先攻,古巨基,無,,2024/10/18,S34
鑽石杯,烙印,百夫,無,O,先攻,炎獸,無,,2024/10/18,S34
鑽石杯,烙印,百夫,無,X,先攻,烙印,無,,2024/10/18,S34
金2,尤,白銀城,無,O,先攻,RR,無,,2024/10/18,S34
金2,尤,白銀城,無,O,先攻,六花,無,,2024/10/18,S34
金1,尤,白銀城,無,X,先攻,天盃,無,,2024/10/18,S34
金1,尤,白銀城,無,X,先攻,珠淚,光道,,2024/10/18,S34
金1,尤,白銀城,無,X,後攻,龍輝巧,無,,2024/10/18,S34
金1,尤,白銀城,無,O,先攻,御巫,無,,2024/10/18,S34
金1,尤,白銀城,無,O,先攻,天盃,無,,2024/10/18,S34
金1,尤,白銀城,無,O,先攻,烙印,珠淚,海底烙,2024/10/18,S34
金1,尤,白銀城,無,O,先攻,黑羽,無,升白金5,2024/10/18,S34
白金5,尤,白銀城,無,O,先攻,FTK,無,,2024/10/18,S34
白金5,尤,白銀城,無,O,後攻,FTK,無,,2024/10/18,S34
鑽石杯,尤,百夫,無,X,後攻,54壞,勇者,,2024/10/18,S34
鑽石杯,尤,百夫,無,O,後攻,HERO,無,,2024/10/18,S34
鑽石杯,尤,百夫,無,X,先攻,珠淚,無,,2024/10/18,S34
鑽石杯,烙印,神碑,無,O,後攻,天盃,無,,2024/10/18,S34
鑽石杯,烙印,神碑,無,X,先攻,天盃,無,,2024/10/18,S34
鑽石杯,烙印,神碑,無,O,後攻,紅惡魔龍,無,,2024/10/18,S34
鑽石杯,烙印,神碑,無,O,後攻,冰結界,無,,2024/10/18,S34
鑽石杯,烙印,神碑,無,X,先攻,天盃,無,,2024/10/18,S34
鑽石杯,烙印,神碑,無,X,先攻,天盃,無,,2024/10/18,S34
鑽石杯,烙印,神碑,無,X,後攻,54壞,無,,2024/10/18,S34
鑽石杯,烙印,神碑,無,O,先攻,閃刀姬,無,,2024/10/18,S34
鑽石杯,烙印,神碑,無,O,後攻,百夫,相劍,,2024/10/18,S34
鑽石杯,烙印,神碑,無,X,後攻,龍輝巧,無,,2024/10/18,S34
鑽石杯,烙印,神碑,無,X,後攻,百夫,相劍,,2024/10/18,S34
鑽石杯,烙印,神碑,無,X,先攻,相劍,無,,2024/10/18,S34
鑽石杯,烙印,神碑,無,X,先攻,天盃,無,,2024/10/18,S34
鑽石杯,烙印,神碑,無,X,後攻,蕾禍,無,,2024/10/18,S34
鑽石杯,烙印,神碑,無,O,先攻,冰結界,無,,2024/10/18,S34
鑽石杯,烙印,神碑,無,X,先攻,相劍,無,,2024/10/18,S34
鑽石杯,烙印,神碑,無,X,先攻,54壞,無,,2024/10/18,S34
鑽石杯,烙印,神碑,無,X,先攻,冰結界,無,,2024/10/18,S34
鑽石杯,烙印,神碑,無,O,先攻,百夫,無,,2024/10/18,S34
鑽石杯,烙印,神碑,無,X,先攻,尤貝爾,破械,,2024/10/18,S34
鑽石杯,烙印,神碑,無,O,後攻,蕾禍,無,,2024/10/18,S34
鑽石杯,烙印,神碑,無,X,後攻,征龍,無,,2024/10/18,S34
鑽石杯,烙印,神碑,無,O,後攻,FTK,無,,2024/10/18,S34
鑽石杯,主流,冰結界,無,O,後攻,HERO,無,,2024/10/19,S34
鑽石杯,尤,百夫,無,X,後攻,蕾禍,無,,2024/10/19,S34
鑽石杯,尤,百夫,無,O,後攻,鐵獸,無,,2024/10/19,S34
鑽石杯,尤,百夫,無,O,先攻,FTK,無,,2024/10/19,S34
鑽石杯,烙印,神碑,無,O,後攻,白龍,無,,2024/10/19,S34
白金1,主流,天盃,無,X,先攻,荷魯斯,無,對手讓先 不小心想太久,2024/10/19,S34
白金1,主流,天盃,無,O,後攻,64壞,無,,2024/10/19,S34
白金1,主流,天盃,無,O,後攻,烙印,無,,2024/10/19,S34
白金1,主流,天盃,無,X,先攻,天盃,無,對手讓先,2024/10/19,S34
白金1,主流,天盃,無,O,後攻,大植然,無,,2024/10/19,S34
白金1,主流,天盃,無,O,後攻,FTK,無,,2024/10/19,S34
白金1,主流,天盃,無,O,後攻,白銀城,無,升鑽5,2024/10/19,S34
鑽石杯,主流,冰結界,無,O,後攻,百夫,無,,2024/10/21,S34
鑽石杯,主流,冰結界,無,O,先攻,炎獸,無,,2024/10/21,S34
鑽石杯,主流,冰結界,無,X,後攻,百夫,無,,2024/10/21,S34
鑽石杯,主流,冰結界,無,O,先攻,閃刀姬,無,,2024/10/21,S34
鑽石杯,尤,百夫,無,X,後攻,HERO,無,,2024/10/21,S34
鑽石杯,尤,百夫,無,O,先攻,蕾禍,無,,2024/10/21,S34
鑽石杯,尤,百夫,無,O,先攻,雷龍,無,,2024/10/21,S34
鑽石杯,主流,冰結界,無,X,後攻,蕾禍,無,,2024/10/22,S34
鑽石杯,主流,冰結界,無,O,後攻,影依,無,,2024/10/22,S34
鑽石杯,主流,冰結界,無,X,先攻,天盃,無,,2024/10/22,S34
鑽石杯,主流,冰結界,無,X,先攻,雷龍,無,,2024/10/22,S34
鑽石杯,主流,冰結界,無,O,先攻,雷龍,珠淚,,2024/10/22,S34
鑽石杯,主流,冰結界,無,O,先攻,尤貝爾,破械,,2024/10/22,S34
鑽石杯,尤,百夫,無,O,先攻,烙印,無,,2024/10/22,S34
鑽石杯,烙印,神碑,無,X,先攻,FTK,無,,2024/10/22,S34
鑽石杯,烙印,神碑,無,O,先攻,燒血,無,,2024/10/22,S34
鑽石杯,烙印,神碑,無,X,後攻,相劍,無,,2024/10/22,S34
鑽石杯,主流,冰結界,無,O,先攻,龍輝巧,無,,2024/10/23,S34
鑽石杯,主流,冰結界,無,X,先攻,54壞,無,對手讓先 吃了兩張JJ波,2024/10/23,S34
鑽石杯,主流,冰結界,無,O,後攻,百夫,無,,2024/10/23,S34
鑽石杯,主流,冰結界,無,X,後攻,烙印,無,,2024/10/23,S34
鑽石杯,主流,冰結界,無,X,先攻,尤貝爾,破械,,2024/10/23,S34
鑽石杯,主流,冰結界,無,X,後攻,珠淚,無,,2024/10/23,S34
鑽石杯,主流,冰結界,無,O,先攻,雷精,雙子,,2024/10/23,S34
鑽石杯,尤,百夫,無,X,先攻,魔彈,無,,2024/10/23,S34
鑽石杯,尤,百夫,無,X,後攻,蕾禍,無,,2024/10/23,S34
鑽石杯,尤,百夫,無,O,先攻,古巨基,無,,2024/10/23,S34
鑽石杯,烙印,神碑,無,O,先攻,相劍,無,,2024/10/23,S34
鑽石杯,烙印,神碑,無,X,先攻,天盃,無,,2024/10/23,S34
鑽石杯,主流,冰結界,無,O,後攻,鐵獸,無,,2024/10/24,S34
鑽石杯,主流,冰結界,無,O,先攻,水GS,無,,2024/10/24,S34
鑽石杯,主流,冰結界,無,O,後攻,煉獄機,無,,2024/10/24,S34
鑽石杯,主流,冰結界,無,X,後攻,烙印,珠淚,,2024/10/24,S34
鑽石杯,主流,冰結界,無,O,先攻,百夫,無,,2024/10/24,S34
鑽石杯,主流,冰結界,無,X,後攻,烙印,無,,2024/10/24,S34
鑽石杯,主流,冰結界,無,O,先攻,百夫,無,,2024/10/24,S34
鑽石杯,主流,冰結界,無,O,後攻,星塵龍,無,,2024/10/24,S34
鑽石杯,主流,冰結界,無,X,後攻,百夫,無,,2024/10/24,S34
鑽石杯,主流,冰結界,無,O,先攻,炎獸,無,,2024/10/24,S34
鑽石杯,主流,冰結界,無,O,先攻,白龍,無,,2024/10/24,S34
鑽石杯,主流,冰結界,無,O,後攻,Unknown,無,,2024/10/24,S34
鑽石杯,主流,冰結界,無,X,後攻,烙印,珠淚,,2024/10/24,S34
鑽石杯,主流,冰結界,無,X,後攻,恐啡肽,無,,2024/10/24,S34
鑽石杯,主流,冰結界,無,X,後攻,FTK,無,,2024/10/24,S34
鑽石杯,主流,冰結界,無,O,先攻,斬機,無,對手讓先,2024/10/24,S34
鑽石杯,主流,冰結界,無,O,先攻,雷精,雙子,,2024/10/24,S34
鑽石杯,尤,百夫,無,O,先攻,閃刀姬,無,,2024/10/24,S34
鑽石杯,尤,百夫,無,O,後攻,伊格尼斯,無,,2024/10/24,S34
鑽石杯,尤,百夫,無,O,先攻,珠淚,烙印,對手讓先,2024/10/24,S34
鑽石杯,尤,百夫,無,X,後攻,相劍,無,,2024/10/24,S34
鑽石杯,尤,百夫,無,X,後攻,FTK,無,,2024/10/24,S34
鑽石杯,尤,百夫,無,O,先攻,影依,無,,2024/10/24,S34
鑽石杯,尤,百夫,無,O,後攻,炎獸,無,,2024/10/24,S34
鑽石杯,尤,百夫,無,X,後攻,炎獸,無,,2024/10/24,S34
鑽石杯,尤,百夫,無,X,後攻,FTK,無,,2024/10/24,S34
鑽石杯,尤,百夫,無,O,後攻,珠淚,無,,2024/10/24,S34
鑽石杯,尤,百夫,無,O,先攻,炎獸,無,,2024/10/24,S34
鑽石杯,尤,百夫,無,O,先攻,閃刀姬,無,對手讓先,2024/10/24,S34
鑽石杯,尤,百夫,無,O,先攻,海晶,無,,2024/10/24,S34
鑽石杯,尤,百夫,無,X,先攻,蟲惑魔,無,,2024/10/24,S34
鑽石杯,尤,百夫,無,X,先攻,54壞,無,,2024/10/24,S34
鑽石杯,尤,百夫,無,O,先攻,龍女僕,烙印,,2024/10/24,S34
鑽石杯,尤,百夫,無,O,先攻,54壞,無,對手讓先,2024/10/24,S34
鑽石杯,尤,百夫,無,O,先攻,雷龍,無,,2024/10/24,S34
鑽石杯,尤,百夫,無,O,後攻,聲選姬,無,,2024/10/24,S34
鑽石杯,烙印,神碑,無,X,先攻,黑羽,無,,2024/10/24,S34
鑽石杯,烙印,神碑,無,X,後攻,54壞,無,,2024/10/24,S34
鑽石杯,烙印,神碑,無,O,後攻,燒血,無,,2024/10/24,S34
鑽石杯,烙印,神碑,無,X,先攻,天盃,無,對手讓先,2024/10/24,S34
鑽石杯,烙印,神碑,無,O,先攻,天盃,無,對手讓先,2024/10/24,S34
鑽石杯,烙印,神碑,無,X,先攻,54壞,無,,2024/10/25,S34
鑽石杯,烙印,神碑,無,X,先攻,FTK,無,,2024/10/25,S34
鑽石杯,烙印,神碑,無,X,後攻,超重,無,,2024/10/25,S34
鑽石杯,烙印,百夫,無,O,先攻,HERO,無,對手讓先,2024/10/25,S34
鑽石杯,烙印,百夫,無,X,先攻,FTK,無,,2024/10/25,S34
鑽石杯,烙印,百夫,無,X,後攻,神碑,無,,2024/10/25,S34
鑽石杯,烙印,百夫,無,X,先攻,閃刀姬,無,,2024/10/25,S34
鑽石杯,烙印,百夫,無,O,先攻,古巨基,無,,2024/10/25,S34
鑽5,主流,天盃,無,O,後攻,龐克,無,,2024/10/25,S34
鑽5,主流,天盃,無,X,後攻,旅鳥,無,,2024/10/25,S34
鑽5,主流,天盃,無,X,後攻,蟲惑魔,無,,2024/10/25,S34
鑽5,主流,天盃,無,O,後攻,百夫,無,,2024/10/25,S34
白金5,尤,白銀城,無,O,先攻,斬機,炎獸,,2024/10/25,S34
鑽5,主流,天盃,無,O,後攻,FTK,無,,2024/10/26,S34
鑽5,主流,天盃,無,O,後攻,堆墓GS,無,,2024/10/26,S34
鑽5,主流,天盃,無,O,後攻,百夫,64壞,升鑽4,2024/10/26,S34
白金5,尤,白銀城,無,X,後攻,FTK,無,,2024/10/26,S34
白金5,尤,白銀城,無,O,後攻,黑魔導,無,,2024/10/26,S34
金2,烙印,Meta Beat,無,O,先攻,FTK,無,升金一,2024/10/26,S34
白金5,尤,白銀城,無,O,後攻,黑魔導,無,升白金4,2024/10/27,S34
白金4,尤,白銀城,無,O,先攻,烙印,無,,2024/10/27,S34
白金4,尤,白銀城,無,X,先攻,伊格尼斯,無,,2024/10/27,S34
白金4,尤,白銀城,無,X,先攻,古巨基,無,對手讓先,2024/10/27,S34
白金4,尤,白銀城,無,X,先攻,FTK,無,,2024/10/27,S34
白金4,尤,白銀城,無,O,先攻,銀河眼,無,對手讓先,2024/10/27,S34
白金4,尤,白銀城,無,O,先攻,烙印,無,,2024/10/27,S34
白金4,尤,白銀城,無,X,後攻,天盃,無,,2024/10/27,S34
白金4,尤,白銀城,無,X,先攻,尤貝爾,破械,,2024/10/27,S34
白金4,尤,白銀城,無,O,先攻,珠淚,荷魯斯,,2024/10/27,S34
白金4,尤,白銀城,無,X,後攻,黃金卿,無,,2024/10/27,S34
白金4,尤,白銀城,無,O,後攻,FTK,荷魯斯,,2024/10/27,S34
白金4,尤,白銀城,無,O,後攻,煉獄機,無,,2024/10/27,S34
白金4,尤,白銀城,無,X,先攻,神碑,無,,2024/10/27,S34
白金4,尤,白銀城,無,X,後攻,RR,無,,2024/10/27,S34
白金4,尤,白銀城,無,O,先攻,FTK,無,,2024/10/27,S34
白金4,尤,白銀城,無,O,先攻,FTK,無,,2024/10/27,S34
白金4,尤,白銀城,無,O,先攻,FTK,無,對手讓先,2024/10/27,S34
白金4,尤,白銀城,無,X,後攻,相劍,無,,2024/10/27,S34
白金4,尤,白銀城,無,O,先攻,白銀城,無,,2024/10/27,S34
白金4,尤,白銀城,無,X,先攻,FTK,無,,2024/10/27,S34
白金4,尤,白銀城,無,X,先攻,珠淚,無,對手讓先,2024/10/27,S34
白金4,尤,白銀城,無,O,後攻,FTK,無,,2024/10/27,S34
白金4,尤,白銀城,無,O,先攻,白龍,無,,2024/10/27,S34
鑽4,主流,天盃,無,X,後攻,神碑,荷魯斯,,2024/10/27,S34
鑽4,主流,天盃,無,X,先攻,天盃,無,對手讓先,2024/10/27,S34
鑽4,主流,天盃,無,O,後攻,百夫,紅惡魔龍,,2024/10/27,S34
金1,烙印,Meta Beat,無,O,先攻,百夫,無,,2024/10/27,S34
金1,烙印,Meta Beat,無,X,先攻,天盃,無,對手讓先,2024/10/27,S34
金1,烙印,Meta Beat,無,O,後攻,FTK,無,,2024/10/27,S34
金1,烙印,Meta Beat,無,O,先攻,FTK,無,,2024/10/27,S34
金1,烙印,Meta Beat,無,O,後攻,銀河眼,無,,2024/10/27,S34
鑽4,主流,天盃,無,O,後攻,炎獸,無,,2024/10/27,S34
鑽4,主流,天盃,無,O,先攻,天盃,無,對手讓先,2024/10/27,S34
鑽4,主流,天盃,無,X,後攻,天盃,無,,2024/10/27,S34
鑽4,主流,天盃,無,O,後攻,肅聲,無,,2024/10/27,S34
鑽4,主流,天盃,無,O,後攻,荷魯斯,64壞,升鑽3,2024/10/27,S34
鑽3,主流,天盃,無,X,後攻,荷魯斯,雷龍,,2024/10/27,S34
鑽3,主流,天盃,無,X,後攻,靈獸,無,,2024/10/27,S34
鑽3,主流,天盃,無,O,後攻,斬機,無,,2024/10/27,S34
鑽3,主流,天盃,無,O,後攻,炎王,蛇眼,,2024/10/27,S34
鑽3,主流,天盃,無,O,後攻,炎獸,無,,2024/10/27,S34
鑽3,主流,天盃,無,O,後攻,斬機,無,升鑽2,2024/10/27,S34
白金3,尤,白銀城,無,O,先攻,珠淚,無,,2024/10/27,S34
白金3,尤,白銀城,無,X,先攻,燒血,無,對手讓先,2024/10/27,S34
白金3,尤,白銀城,無,X,先攻,百夫,無,,2024/10/27,S34
白金3,尤,白銀城,無,X,後攻,烙印,珠淚,,2024/10/27,S34
白金3,尤,白銀城,無,O,後攻,堆墓GS,無,,2024/10/27,S34
白金3,尤,白銀城,無,O,後攻,尤貝爾,破械,,2024/10/27,S34
白金3,尤,白銀城,無,O,先攻,燒血,無,,2024/10/27,S34
白金3,尤,白銀城,無,O,先攻,HERO,勇者,升白金2,2024/10/27,S34
鑽2,主流,天盃,無,O,後攻,FTK,無,,2024/10/28,S34
白金5,烙印,Meta Beat,無,O,先攻,煉獄機,無,對手讓先,2024/10/28,S34
鑽2,主流,天盃,無,O,後攻,珠淚,無,,2024/10/28,S34
鑽2,主流,天盃,無,X,後攻,肅聲,64壞,,2024/10/28,S34
鑽2,主流,天盃,無,O,後攻,斬機,無,,2024/10/28,S34
鑽2,主流,天盃,無,X,後攻,白銀城,無,斷線,2024/10/28,S34
鑽2,主流,天盃,無,X,後攻,鐵獸,雷精,斷線,2024/10/28,S34
白金2,尤,白銀城,無,O,後攻,珠淚,64壞,60GS,2024/10/28,S34
白金2,尤,白銀城,無,X,先攻,恐啡肽,無,,2024/10/28,S34
白金2,尤,白銀城,無,O,後攻,黑魔導,無,,2024/10/28,S34
鑽2,主流,天盃,無,X,後攻,天盃,無,,2024/10/29,S34
鑽2,主流,天盃,無,O,先攻,天盃,無,對手讓先,2024/10/29,S34
鑽2,主流,天盃,無,X,後攻,霸王,魔術師,,2024/10/29,S34
鑽2,主流,天盃,無,X,後攻,斬機,無,,2024/10/29,S34
鑽2,主流,天盃,無,O,後攻,FTK,無,,2024/10/29,S34
鑽2,主流,天盃,無,O,後攻,肅聲,無,,2024/10/29,S34
鑽2,主流,天盃,無,O,後攻,旅鳥,無,,2024/10/29,S34
鑽2,主流,天盃,無,O,後攻,百夫,無,升鑽1,2024/10/29,S34
鑽1,主流,天盃,無,X,先攻,天盃,無,對手讓先,2024/10/29,S34
鑽1,主流,天盃,無,X,後攻,焰聖,御巫,,2024/10/29,S34
鑽1,主流,天盃,無,O,後攻,天盃,無,,2024/10/29,S34
鑽1,主流,天盃,無,X,先攻,天盃,無,對手讓先,2024/10/29,S34
鑽1,主流,天盃,無,X,先攻,天盃,無,對手讓先,2024/10/29,S34
鑽1,主流,天盃,無,O,後攻,神碑,烙印,,2024/10/29,S34
鑽1,主流,天盃,無,O,後攻,天盃,無,,2024/10/29,S34
鑽1,主流,天盃,無,X,後攻,聲選姬,64壞,,2024/10/29,S34
鑽1,主流,天盃,無,X,先攻,天盃,無,對手讓先,2024/10/29,S34
鑽1,主流,天盃,無,O,後攻,古巨基,無,,2024/10/29,S34
鑽1,主流,天盃,無,X,後攻,靈獸,無,沒動點,2024/10/29,S34
鑽1,主流,天盃,無,O,後攻,天盃,無,,2024/10/29,S34
鑽1,主流,天盃,無,X,先攻,天盃,無,對手讓先,2024/10/29,S34
鑽1,主流,天盃,無,X,先攻,閃刀姬,無,對手讓先,2024/10/29,S34
鑽1,主流,天盃,無,O,後攻,肅聲,無,,2024/10/29,S34
鑽1,主流,天盃,無,X,先攻,天盃,無,對手讓先,2024/10/29,S34
鑽1,主流,天盃,無,O,後攻,古生物,無,,2024/10/29,S34
鑽1,主流,天盃,無,O,後攻,天盃,無,,2024/10/29,S34
鑽1,主流,天盃,無,O,後攻,珠淚,荷魯斯,,2024/10/29,S34
鑽1,主流,天盃,無,X,後攻,恐啡肽,無,沒打好,2024/10/29,S34
鑽1,主流,天盃,無,O,後攻,尤貝爾,破械,,2024/10/29,S34
鑽1,主流,天盃,無,X,後攻,肅聲,無,,2024/10/29,S34
鑽1,主流,天盃,無,O,後攻,FTK,雷精,咒儀,2024/10/29,S34
鑽1,主流,天盃,無,X,後攻,天盃,無,,2024/10/29,S34
鑽1,主流,天盃,無,O,先攻,天盃,無,對手讓先,2024/10/29,S34
鑽1,主流,天盃,無,X,先攻,天盃,無,對手讓先,2024/10/29,S34
鑽1,主流,天盃,無,O,後攻,水GS,無,,2024/10/29,S34
鑽1,主流,天盃,無,X,先攻,天盃,無,對手讓先,2024/10/29,S34
鑽1,主流,天盃,無,O,後攻,珠淚,尤貝爾,,2024/10/29,S34
鑽1,主流,天盃,無,X,後攻,FTK,無,,2024/10/29,S34
鑽1,主流,天盃,無,O,先攻,天盃,無,對手讓先,2024/10/29,S34
鑽1,主流,天盃,無,O,後攻,肅聲,無,升大師5,2024/10/29,S34
白金5,烙印,Meta Beat,無,O,先攻,荷魯斯,無,,2024/10/29,S34
白金5,烙印,Meta Beat,無,O,先攻,FTK,無,,2024/10/29,S34
白金5,烙印,Meta Beat,無,X,先攻,燒血,無,,2024/10/29,S34
白金5,烙印,Meta Beat,無,X,先攻,天盃,無,,2024/10/29,S34
白金5,烙印,Meta Beat,無,O,先攻,烙印,無,,2024/10/29,S34
白金5,烙印,Meta Beat,無,O,先攻,百夫,無,,2024/10/29,S34
白金2,尤,白銀城,無,O,先攻,燒血,無,對手讓先,2024/10/29,S34
白金2,尤,白銀城,無,O,先攻,恐啡肽,無,,2024/10/30,S34
白金2,尤,白銀城,無,O,先攻,古生物,無,升白金1,2024/10/30,S34
白金1,尤,白銀城,無,O,先攻,天盃,無,,2024/10/30,S34
白金1,尤,白銀城,無,O,先攻,炎獸,無,,2024/10/30,S34
白金1,尤,白銀城,無,O,先攻,天盃,無,,2024/10/30,S34
白金1,尤,白銀城,無,X,後攻,奇美拉,無,,2024/10/30,S34
白金1,尤,白銀城,無,X,先攻,相劍,荷魯斯,,2024/10/30,S34
白金1,尤,尤貝爾,破械,X,後攻,伊格尼斯,無,,2024/10/30,S34
白金1,尤,尤貝爾,破械,X,先攻,白銀城,無,,2024/10/30,S34
白金1,尤,尤貝爾,破械,O,先攻,RR,無,,2024/10/30,S34
大師5,主流,天盃,無,O,後攻,尤貝爾,破械,,2024/10/30,S34
白金5,烙印,Meta Beat,無,X,先攻,珠淚,64壞,,2024/10/30,S34
白金5,烙印,Meta Beat,無,O,後攻,FTK,無,,2024/10/30,S34
白金5,烙印,Meta Beat,無,O,後攻,同步GS,無,升白金4,2024/10/30,S34
白金1,尤,尤貝爾,破械,O,先攻,天盃,無,,2024/10/30,S34
白金1,尤,尤貝爾,破械,O,先攻,天盃,無,對手讓先,2024/10/30,S34
白金1,尤,尤貝爾,破械,O,先攻,烙印,無,升鑽5,2024/10/30,S34
大師5,主流,天盃,無,O,後攻,VS,無,,2024/10/31,S34
大師5,主流,天盃,無,X,後攻,Meta Beat,無,,2024/10/31,S34
大師5,主流,天盃,無,O,後攻,天盃,無,,2024/10/31,S34
鑽5,尤,尤貝爾,破械,O,後攻,珠淚,荷魯斯,,2024/10/31,S34
鑽5,尤,尤貝爾,破械,O,先攻,百夫,無,對手讓先,2024/10/31,S34
白金4,烙印,Meta Beat,無,O,先攻,荷魯斯,無,,2024/10/31,S34
白金4,烙印,Meta Beat,無,O,先攻,FTK,無,,2024/10/31,S34
白金4,烙印,Meta Beat,無,O,先攻,FTK,荷魯斯,對手讓先,2024/10/31,S34
白金4,烙印,Meta Beat,無,O,先攻,天盃,無,對手讓先 升白金3,2024/10/31,S34
鑽5,尤,尤貝爾,破械,O,後攻,龍女僕,珠淚,,2024/10/31,S34
鑽5,尤,尤貝爾,破械,O,後攻,雷精,雙子,升鑽4,2024/10/31,S34
鑽4,尤,尤貝爾,破械,O,後攻,雷精,雙子,,2024/10/31,S34
鑽4,尤,尤貝爾,破械,X,後攻,烙印,無,,2024/10/31,S34
鑽4,尤,尤貝爾,破械,O,先攻,天盃,無,,2024/10/31,S34
鑽4,尤,尤貝爾,破械,O,先攻,肅聲,無,,2024/10/31,S34
鑽4,尤,尤貝爾,破械,O,後攻,珠淚,荷魯斯,,2024/10/31,S34
鑽4,尤,百夫,無,X,後攻,FTK,無,,2024/10/31,S34
鑽4,尤,百夫,無,X,後攻,冰結界,無,,2024/10/31,S34
鑽4,尤,尤貝爾,破械,O,後攻,百鬼羅剎,無,,2024/10/31,S34
鑽4,尤,尤貝爾,破械,X,先攻,天盃,無,對手讓先,2024/10/31,S34
鑽4,尤,尤貝爾,破械,X,先攻,百夫,無,,2024/10/31,S34
鑽4,尤,尤貝爾,破械,O,先攻,珠淚,白銀城,,2024/10/31,S34
鑽4,尤,尤貝爾,破械,O,先攻,尤貝爾,雷精,,2024/10/31,S34
鑽4,尤,尤貝爾,破械,O,後攻,水GS,無,,2024/10/31,S34
鑽4,尤,尤貝爾,破械,O,後攻,百夫,無,升鑽3,2024/10/31,S34
大師5,主流,天盃,無,O,後攻,百鬼羅剎,無,,2024/10/31,S34
大師5,主流,天盃,無,O,後攻,煉獄機,無,,2024/10/31,S34
大師5,主流,天盃,無,O,後攻,VS,無,升大師四,2024/10/31,S34
大師4,主流,天盃,無,X,後攻,珠淚,無,,2024/10/31,S34
大師4,主流,天盃,無,X,後攻,炎王,蛇眼,,2024/10/31,S34
大師4,主流,天盃,無,O,先攻,天盃,無,對手讓先,2024/10/31,S34
白金4,烙印,Meta Beat,無,X,後攻,斬機,無,,2024/10/31,S34
白金4,烙印,Meta Beat,無,O,後攻,龍輝巧,無,,2024/10/31,S34
白金4,烙印,Meta Beat,無,O,先攻,百鬼羅剎,無,,2024/10/31,S34
白金4,烙印,Meta Beat,無,X,先攻,水GS,無,,2024/10/31,S34
白金4,烙印,Meta Beat,無,X,後攻,肅聲,無,,2024/10/31,S34
白金4,烙印,Meta Beat,無,O,後攻,燒血,無,,2024/10/31,S34
白金4,烙印,Meta Beat,無,X,先攻,天盃,無,,2024/10/31,S34
白金4,烙印,Meta Beat,無,X,後攻,64壞,無,,2024/10/31,S34
白金4,烙印,Meta Beat,無,O,先攻,燒血,無,,2024/10/31,S34
白金4,烙印,Meta Beat,無,X,後攻,FTK,無,,2024/10/31,S34
白金4,烙印,Meta Beat,無,X,先攻,古巨基,無,對手讓先,2024/10/31,S34
白金4,烙印,Meta Beat,無,O,後攻,FTK,無,,2024/10/31,S34
白金5,尤,尤貝爾,破械,O,先攻,銀河眼,荷魯斯,,2024/11/1,S35
白金5,尤,尤貝爾,破械,O,先攻,斬機,無,,2024/11/1,S35
白金5,尤,尤貝爾,破械,X,先攻,烙印,無,時間到,2024/11/1,S35
白金5,尤,尤貝爾,破械,O,後攻,R-ACE,無,,2024/11/1,S35
白金5,尤,尤貝爾,破械,X,後攻,焰聖,無,,2024/11/1,S35
白金5,尤,尤貝爾,破械,X,後攻,FTK,無,,2024/11/1,S35
白金5,尤,尤貝爾,破械,X,先攻,炎獸,無,,2024/11/1,S35
白金5,尤,尤貝爾,破械,O,先攻,百鬼羅剎,無,,2024/11/1,S35
白金5,尤,尤貝爾,破械,O,後攻,霸王,魔術師,,2024/11/1,S35
白金5,尤,尤貝爾,破械,O,先攻,珠淚,荷魯斯,,2024/11/1,S35
白金5,尤,尤貝爾,破械,O,先攻,天盃,無,升白金4,2024/11/1,S35
鑽5,主流,天盃,無,O,後攻,VS,無,,2024/11/2,S35
鑽5,主流,天盃,無,O,後攻,肅聲,64壞,,2024/11/2,S35
白金4,尤,尤貝爾,破械,X,後攻,64壞,無,,2024/11/2,S35
白金4,尤,尤貝爾,破械,X,後攻,燒血,無,,2024/11/2,S35
白金4,尤,尤貝爾,破械,O,先攻,同步GS,無,,2024/11/2,S35
金5,烙印,Meta Beat,無,O,後攻,54壞,無,,2024/11/2,S35
金5,烙印,Meta Beat,無,X,後攻,64壞,荷魯斯,,2024/11/2,S35
金5,烙印,Meta Beat,無,O,先攻,白龍,無,,2024/11/2,S35
金5,烙印,Meta Beat,無,O,先攻,燒血,無,,2024/11/2,S35
金5,烙印,Meta Beat,無,O,後攻,白龍,無,升金4,2024/11/2,S35
金4,烙印,烙印,無,X,後攻,FTK,無,,2024/11/2,S35
金4,烙印,烙印,無,X,後攻,春化精,無,,2024/11/2,S35
金4,烙印,烙印,無,X,先攻,烙印,無,,2024/11/2,S35
金4,烙印,烙印,無,O,後攻,霸王,魔術師,,2024/11/2,S35
鑽5,主流,天盃,無,O,後攻,尤貝爾,破械,,2024/11/3,S35
白金4,尤,尤貝爾,破械,O,先攻,珠淚,光道,,2024/11/3,S35
金4,烙印,Meta Beat,無,O,後攻,炎王,蛇眼,,2024/11/3,S35
鑽5,主流,天盃,無,O,後攻,記憶物,無,升鑽4,2024/11/4,S35
鑽4,主流,天盃,無,O,後攻,煉獄機,無,,2024/11/4,S35
白金4,尤,尤貝爾,破械,O,先攻,64壞,無,對手讓先,2024/11/4,S35
白金4,尤,尤貝爾,破械,X,後攻,肅聲,無,,2024/11/4,S35
白金4,尤,尤貝爾,破械,O,後攻,尤貝爾,破械,,2024/11/4,S35
白金4,尤,尤貝爾,破械,O,先攻,肅聲,無,升白金3,2024/11/4,S35
金4,烙印,Meta Beat,無,X,先攻,FTK,無,,2024/11/4,S35
金4,烙印,Meta Beat,無,O,先攻,尤貝爾,破械,,2024/11/4,S35
鑽4,主流,天盃,無,O,後攻,教導,無,,2024/11/5,S35
白金3,尤,尤貝爾,破械,X,先攻,天盃,無,,2024/11/5,S35
白金3,尤,尤貝爾,破械,X,先攻,天盃,無,對手讓先,2024/11/5,S35
白金3,尤,尤貝爾,破械,O,後攻,RR,無,,2024/11/5,S35
白金3,尤,尤貝爾,破械,O,先攻,蟲惑魔,無,,2024/11/5,S35
金4,烙印,Meta Beat,無,X,先攻,FTK,無,對手讓先,2024/11/5,S35
金4,烙印,Meta Beat,無,X,後攻,雷精,雙子,,2024/11/5,S35
鑽4,主流,天盃,無,O,後攻,FTK,無,,2024/11/6,S35
白金3,尤,尤貝爾,破械,O,先攻,紅惡魔龍,超重,,2024/11/6,S35
金4,烙印,Meta Beat,無,O,先攻,白銀城,無,升金3,2024/11/6,S35
鑽4,主流,天盃,無,O,後攻,炎王,蛇眼,升鑽3,2024/11/7,S35
鑽3,主流,天盃,無,O,後攻,尤貝爾,破械,,2024/11/7,S35
白金3,尤,尤貝爾,破械,O,先攻,HERO,無,,2024/11/7,S35
金3,烙印,Meta Beat,無,O,先攻,FTK,無,,2024/11/7,S35
金3,烙印,Meta Beat,無,O,先攻,RR,無,,2024/11/7,S35
鑽3,主流,天盃,無,X,先攻,天盃,無,對手讓先,2024/11/8,S35
白金2,尤,尤貝爾,破械,O,先攻,恐啡肽,無,,2024/11/8,S35
金3,烙印,烙印,無,O,後攻,珠淚,荷魯斯,,2024/11/8,S35
鑽3,主流,天盃,無,X,先攻,天盃,無,對手讓先,2024/11/9,S35
鑽3,主流,天盃,無,X,先攻,天盃,無,對手讓先,2024/11/9,S35
鑽3,主流,天盃,無,O,後攻,珠淚,64壞,,2024/11/9,S35
白金2,尤,尤貝爾,破械,O,後攻,尤貝爾,破械,,2024/11/9,S35
白金2,尤,尤貝爾,破械,X,後攻,白銀城,無,,2024/11/9,S35
白金2,尤,尤貝爾,破械,X,後攻,尤貝爾,64壞,,2024/11/9,S35
白金2,尤,尤貝爾,破械,X,先攻,天盃,無,對手讓先,2024/11/9,S35
白金2,尤,尤貝爾,破械,O,先攻,荷魯斯,無,,2024/11/9,S35
金3,烙印,烙印,無,X,先攻,64壞,無,,2024/11/9,S35
金3,烙印,烙印,無,X,先攻,百夫,無,,2024/11/9,S35
金3,烙印,烙印,無,O,後攻,霸王,魔術師,升金2,2024/11/9,S35
鑽3,主流,天盃,無,X,後攻,尤貝爾,破械,,2024/11/10,S35
鑽3,主流,天盃,無,O,後攻,天盃,無,,2024/11/10,S35
白金2,尤,尤貝爾,破械,O,先攻,尤貝爾,破械,,2024/11/10,S35
白金2,尤,白銀城,無,O,後攻,珠淚,荷魯斯,,2024/11/10,S35
金2,烙印,烙印,無,X,後攻,進化恐龍,無,,2024/11/10,S35
鑽3,主流,天盃,無,O,後攻,天盃,無,,2024/11/11,S35
鑽3,主流,天盃,無,X,先攻,天盃,無,對手讓先,2024/11/11,S35
鑽3,主流,天盃,無,X,後攻,天盃,無,,2024/11/11,S35
鑽3,主流,天盃,無,X,後攻,神碑,雷精,,2024/11/11,S35
鑽3,主流,天盃,無,O,後攻,白銀城,無,,2024/11/11,S35
白金2,尤,白銀城,無,X,後攻,百夫,無,,2024/11/11,S35
白金2,尤,白銀城,無,X,後攻,斬機,無,,2024/11/11,S35
白金2,尤,白銀城,無,O,後攻,尤貝爾,破械,,2024/11/11,S35
金2,烙印,烙印,無,O,後攻,64壞,無,,2024/11/11,S35
金2,烙印,烙印,無,X,先攻,天盃,無,,2024/11/11,S35
金2,烙印,烙印,無,O,後攻,Unknown,無,,2024/11/11,S35
金2,烙印,烙印,無,X,後攻,征龍,無,,2024/11/11,S35
金2,烙印,烙印,無,O,先攻,鐵獸,雷精,,2024/11/11,S35
金2,烙印,烙印,無,X,後攻,蟲惑魔,無,,2024/11/11,S35
金2,烙印,烙印,無,X,後攻,閃刀姬,無,,2024/11/11,S35
鑽3,主流,天盃,無,X,先攻,天盃,無,對手讓先,2024/11/12,S35
鑽3,主流,天盃,無,O,後攻,霸王,幻奏,,2024/11/12,S35
白金2,尤,白銀城,無,X,後攻,RR,無,,2024/11/12,S35
白金2,尤,白銀城,無,X,先攻,尤貝爾,破械,對手讓先,2024/11/12,S35
白金2,尤,白銀城,無,X,後攻,神碑,無,,2024/11/12,S35
白金2,尤,白銀城,無,O,先攻,肅聲,無,,2024/11/12,S35
白金2,尤,白銀城,無,O,先攻,相劍,無,,2024/11/12,S35
金1,烙印,Meta Beat,無,X,後攻,雷龍,荷魯斯,,2024/11/12,S35
金1,烙印,奇美拉,尤貝爾,O,先攻,白龍,無,對手讓先,2024/11/12,S35
金1,烙印,奇美拉,尤貝爾,O,後攻,FTK,無,,2024/11/12,S35
金1,烙印,奇美拉,尤貝爾,O,先攻,斬機,無,,2024/11/12,S35
金1,烙印,奇美拉,尤貝爾,X,後攻,炎獸,無,,2024/11/12,S35
金1,烙印,奇美拉,尤貝爾,O,先攻,白龍,荷魯斯,對手讓先 升白金5,2024/11/12,S35
白金5,烙印,奇美拉,尤貝爾,X,先攻,白龍,無,卡手,2024/11/13,S35
白金5,烙印,奇美拉,尤貝爾,O,先攻,Unknown,無,卡手,2024/11/13,S35
白金5,烙印,奇美拉,尤貝爾,X,後攻,Meta Beat,無,,2024/11/13,S35
白金5,烙印,奇美拉,尤貝爾,X,後攻,恐啡肽,無,,2024/11/13,S35
白金5,烙印,奇美拉,尤貝爾,X,先攻,閃刀姬,無,卡手,2024/11/13,S35
白金5,烙印,奇美拉,尤貝爾,O,先攻,尤貝爾,破械,,2024/11/13,S35
白金5,烙印,奇美拉,尤貝爾,O,先攻,FTK,無,,2024/11/13,S35
鑽3,主流,天盃,無,X,後攻,天盃,無,,2024/11/13,S35
鑽3,主流,天盃,無,O,後攻,水GS,無,,2024/11/13,S35
白金2,尤,白銀城,無,X,後攻,Meta Beat,無,,2024/11/16,S35
白金2,尤,白銀城,無,X,先攻,奇美拉,64壞,,2024/11/28,S35
白金2,尤,白銀城,無,X,先攻,炎王,蛇眼,,2024/11/28,S35
白金2,尤,白銀城,無,X,後攻,光道,無,,2024/11/28,S35
白金2,尤,白銀城,無,O,先攻,古巨基,無,對手讓先,2024/11/28,S35
鑽3,主流,天盃,無,O,後攻,珠淚,64壞,,2024/11/28,S35
白金4,烙印,奇美拉,尤貝爾,O,後攻,荷魯斯,無,,2024/11/28,S35
白金4,烙印,奇美拉,尤貝爾,O,先攻,影依,珠淚,,2024/11/28,S35
鑽3,主流,天盃,無,O,後攻,蕾禍,無,,2024/11/29,S35
鑽3,主流,天盃,無,O,後攻,奇美拉,荷魯斯,升鑽2,2024/11/29,S35
白金2,烙印,白銀城,無,O,先攻,Unknown,無,,2024/11/29,S35
白金4,尤,奇美拉,尤貝爾,O,後攻,珠淚,64壞,,2024/11/29,S35
白金4,尤,奇美拉,尤貝爾,X,先攻,龍女僕,無,,2024/11/29,S35
鑽2,主流,天盃,無,O,後攻,天盃,無,,2024/11/30,S35
鑽2,主流,天盃,無,O,後攻,HERO,無,,2024/11/30,S35
鑽2,主流,天盃,無,O,先攻,天盃,無,對手讓先,2024/11/30,S35
鑽2,主流,炎王,蛇眼,X,先攻,天盃,無,,2024/11/30,S35
鑽2,主流,天盃,無,X,先攻,天盃,無,對手讓先,2024/11/30,S35
白金2,尤,尤貝爾,破械,O,後攻,白銀城,無,,2024/11/30,S35
白金2,尤,尤貝爾,破械,X,先攻,天盃,無,對手讓先,2024/11/30,S35
白金2,尤,尤貝爾,破械,X,先攻,HERO,無,,2024/11/30,S35
白金4,烙印,奇美拉,尤貝爾,X,先攻,黃金卿,無,,2024/11/30,S35
白金4,烙印,奇美拉,尤貝爾,X,後攻,神碑,無,,2024/11/30,S35
白金4,烙印,奇美拉,尤貝爾,O,先攻,龍女僕,無,,2024/11/30,S35
鑽2,主流,天盃,無,X,先攻,天盃,無,,2024/12/1,S36
白金5,主流,天盃,無,O,先攻,燒血,無,對手讓先,2024/12/2,S36
金5,尤,尤貝爾,破械,X,後攻,烙印,無,,2024/12/2,S36
金5,尤,尤貝爾,破械,O,先攻,古巨基,無,,2024/12/2,S36
金5,烙印,奇美拉,尤貝爾,X,先攻,神碑,64壞,,2024/12/2,S36
白金5,主流,天盃,無,O,後攻,奇美拉,尤貝爾,,2024/12/3,S36
金5,尤,尤貝爾,破械,O,先攻,Unknown,無,對手讓先,2024/12/3,S36
金5,烙印,奇美拉,尤貝爾,O,先攻,天盃,無,對手讓先,2024/12/3,S36
白金5,主流,天盃,無,O,後攻,斬機,無,,2024/12/4,S36
金5,尤,尤貝爾,破械,O,後攻,荷魯斯,雷風水,,2024/12/4,S36
金5,烙印,奇美拉,尤貝爾,X,後攻,百夫,無,,2024/12/4,S36
金5,烙印,奇美拉,尤貝爾,O,後攻,恩底米翁,無,,2024/12/4,S36
白金5,主流,天盃,無,X,後攻,尤貝爾,破械,,2024/12/6,S36
白金5,主流,天盃,無,O,後攻,珠淚,荷魯斯,,2024/12/6,S36
白金5,主流,天盃,無,X,後攻,奇美拉,無,,2024/12/6,S36
白金5,主流,天盃,無,O,後攻,雷精,雙子,,2024/12/6,S36
金5,尤,尤貝爾,破械,O,先攻,同步GS,無,升金4,2024/12/6,S36
金4,尤,尤貝爾,破械,O,先攻,白銀城,無,,2024/12/6,S36
金5,烙印,奇美拉,尤貝爾,O,後攻,相劍,無,,2024/12/6,S36
金4,尤,尤貝爾,破械,O,先攻,御巫,荷魯斯,,2024/12/6,S36
金4,尤,奇美拉,尤貝爾,X,先攻,奇巧人偶,無,,2024/12/6,S36
金4,尤,奇美拉,尤貝爾,O,先攻,焰聖,無,,2024/12/6,S36
白金4,主流,冰結界,無,O,後攻,奇美拉,無,,2024/12/7,S36
金4,尤,尤貝爾,破械,X,先攻,燒血,無,,2024/12/7,S36
金4,烙印,奇美拉,尤貝爾,O,先攻,尤貝爾,破械,,2024/12/7,S36
白金4,主流,炎王,蛇眼,O,先攻,斬機,無,,2024/12/8,S36
金4,尤,尤貝爾,破械,O,先攻,烙印,無,,2024/12/8,S36
金4,烙印,奇美拉,尤貝爾,O,後攻,Unknown,無,,2024/12/8,S36
白金4,主流,炎王,蛇眼,X,後攻,光道,珠淚,,2024/12/9,S36
白金4,主流,炎王,蛇眼,O,先攻,百夫,無,,2024/12/9,S36
金4,尤,尤貝爾,破械,O,先攻,烙印,無,升金3,2024/12/9,S36
金4,烙印,奇美拉,無,X,先攻,54壞,無,,2024/12/9,S36
金4,烙印,奇美拉,無,X,後攻,冰結界,無,,2024/12/9,S36
金4,烙印,奇美拉,無,O,先攻,FTK,無,對手讓先,2024/12/9,S36
金4,烙印,奇美拉,無,O,後攻,FTK,無,升金3,2024/12/9,S36
白金4,主流,炎王,蛇眼,O,後攻,白銀城,無,,2024/12/10,S36
白金4,主流,炎王,蛇眼,O,後攻,白之森,白銀城,,2024/12/10,S36
金3,尤,尤貝爾,破械,O,後攻,珠淚,荷魯斯,,2024/12/10,S36
金4,烙印,奇美拉,無,X,後攻,御巫,無,,2024/12/10,S36
白金4,主流,炎王,蛇眼,X,後攻,百夫,荷魯斯,,2024/12/11,S36
白金4,主流,炎王,蛇眼,O,先攻,白銀城,無,,2024/12/11,S36
金3,尤,尤貝爾,破械,O,後攻,百夫,無,,2024/12/11,S36
金3,烙印,奇美拉,無,X,後攻,奇巧人偶,無,,2024/12/11,S36
金3,烙印,奇美拉,無,O,後攻,FTK,無,,2024/12/11,S36
DC Cup,主流,天盃,無,X,先攻,RR,無,,2024/12/12,S36
DC Cup,主流,天盃,無,O,後攻,龍輝巧,無,,2024/12/12,S36
DC Cup,主流,天盃,無,O,後攻,百夫,白之森,,2024/12/12,S36
DC Cup,主流,天盃,無,O,後攻,奇巧人偶,無,,2024/12/12,S36
DC Cup,主流,天盃,無,O,後攻,大植然,荷魯斯,,2024/12/12,S36
DC Cup,主流,冰結界,無,O,後攻,威風魔靈,無,,2024/12/12,S36
DC Cup,主流,冰結界,無,X,先攻,天盃,無,對手讓先,2024/12/12,S36
DC Cup,主流,冰結界,無,X,後攻,百夫,白之森,,2024/12/12,S36
DC Cup,主流,冰結界,無,O,先攻,天盃,無,對手讓先,2024/12/12,S36
DC Cup,尤,尤貝爾,破械,X,先攻,白銀城,無,,2024/12/12,S36
DC Cup,尤,尤貝爾,破械,X,先攻,破械,雙子,,2024/12/12,S36
DC Cup,尤,尤貝爾,破械,O,先攻,Unknown,無,,2024/12/12,S36
DC Cup,烙印,奇美拉,無,O,後攻,Unknown,無,,2024/12/12,S36
DC Cup,烙印,奇美拉,無,O,先攻,炎王,蛇眼,,2024/12/12,S36
DC Cup,烙印,奇美拉,無,X,後攻,斬機,無,,2024/12/12,S36
DC Cup,烙印,奇美拉,無,O,先攻,Unknown,無,,2024/12/12,S36
DC Cup,主流,炎王,蛇眼,O,後攻,蛇眼,64壞,,2024/12/13,S36
DC Cup,尤,尤貝爾,破械,O,先攻,Unknown,無,,2024/12/13,S36
DC Cup,烙印,奇美拉,無,O,後攻,神碑,無,,2024/12/13,S36
DC Cup,主流,炎王,蛇眼,X,後攻,天盃,無,,2024/12/14,S36
DC Cup,尤,尤貝爾,破械,O,先攻,Unknown,無,,2024/12/14,S36
DC Cup,烙印,奇美拉,無,X,先攻,真紅眼,無,對手讓先,2024/12/14,S36
DC Cup,主流,炎王,蛇眼,O,先攻,Unknown,無,,2024/12/15,S36
DC Cup,尤,尤貝爾,破械,O,後攻,炎獸,無,,2024/12/15,S36
DC Cup,尤,尤貝爾,破械,O,後攻,純愛,無,,2024/12/15,S36
DC Cup,烙印,奇美拉,無,X,先攻,百夫,白之森,,2024/12/15,S36
DC Cup,烙印,奇美拉,無,O,後攻,冰結界,無,,2024/12/15,S36
DC Cup,烙印,奇美拉,無,X,後攻,蟲惑魔,無,,2024/12/15,S36
DC Cup,烙印,奇美拉,無,O,先攻,焰聖,無,,2024/12/15,S36
DC Cup,主流,炎王,蛇眼,O,後攻,銀河眼,無,,2024/12/16,S36
DC Cup,尤,尤貝爾,破械,O,先攻,旅鳥,無,,2024/12/16,S36
DC Cup,烙印,奇美拉,無,O,先攻,天盃,無,,2024/12/16,S36
DC Cup,主流,炎王,蛇眼,O,後攻,天盃,無,,2024/12/17,S36
DC Cup,尤,尤貝爾,破械,O,先攻,Unknown,無,,2024/12/17,S36
DC Cup,尤,尤貝爾,破械,X,先攻,真紅眼,無,,2024/12/17,S36
DC Cup,烙印,奇美拉,無,O,後攻,奇美拉,無,,2024/12/17,S36
DC Cup,主流,炎王,蛇眼,O,先攻,Unknown,無,,2024/12/18,S36
DC Cup,主流,炎王,蛇眼,O,後攻,白龍,無,,2024/12/18,S36
DC Cup,主流,炎王,蛇眼,O,先攻,Unknown,無,,2024/12/18,S36
DC Cup,尤,尤貝爾,破械,O,先攻,天盃,無,,2024/12/18,S36
DC Cup,烙印,奇美拉,無,O,後攻,白之森,無,,2024/12/18,S36
DC Cup,主流,炎王,蛇眼,X,後攻,閃刀姬,無,,2024/12/19,S36
DC Cup,主流,炎王,蛇眼,O,後攻,神碑,無,,2024/12/19,S36
DC Cup,主流,炎王,蛇眼,O,後攻,水GS,無,,2024/12/19,S36
DC Cup,尤,尤貝爾,破械,O,先攻,大植然,無,,2024/12/19,S36
DC Cup,烙印,奇美拉,無,O,先攻,Unknown,無,,2024/12/19,S36
DC Cup,烙印,奇美拉,無,O,先攻,64壞,無,,2024/12/19,S36
DC Cup,主流,炎王,蛇眼,O,先攻,奇美拉,無,,2024/12/20,S36
DC Cup,尤,尤貝爾,破械,O,後攻,白銀城,無,,2024/12/20,S36
DC Cup,烙印,奇美拉,無,X,後攻,荷魯斯,無,,2024/12/20,S36
DC Cup,烙印,奇美拉,無,O,先攻,Unknown,無,對手讓先,2024/12/20,S36
DC Cup,烙印,奇美拉,無,O,後攻,黃金櫃,無,,2024/12/20,S36
DC Cup,主流,炎王,蛇眼,X,先攻,天盃,無,對手讓先,2024/12/21,S36
DC Cup,主流,炎王,蛇眼,O,先攻,Unknown,無,,2024/12/21,S36
DC Cup,主流,炎王,蛇眼,X,後攻,幻奏,無,可以贏的 超時可惜,2024/12/21,S36
DC Cup,尤,尤貝爾,破械,X,後攻,烙印,無,,2024/12/21,S36
DC Cup,尤,尤貝爾,破械,O,先攻,Unknown,無,,2024/12/21,S36
DC Cup,烙印,奇美拉,無,O,後攻,百夫,荷魯斯,,2024/12/21,S36
DC Cup,主流,炎王,蛇眼,X,先攻,天盃,無,,2024/12/22,S36
DC Cup,主流,炎王,蛇眼,O,先攻,蟲惑魔,無,,2024/12/22,S36
DC Cup,尤,尤貝爾,破械,X,後攻,烙印,無,,2024/12/22,S36
DC Cup,尤,尤貝爾,破械,O,先攻,Unknown,無,,2024/12/22,S36
DC Cup,烙印,奇美拉,無,O,後攻,白銀城,無,,2024/12/22,S36
DC Cup,烙印,奇美拉,無,X,後攻,恐啡肽,無,,2024/12/22,S36
DC Cup,烙印,奇美拉,無,X,後攻,聲選姬,無,,2024/12/22,S36
DC Cup,烙印,奇美拉,無,O,後攻,Unknown,無,,2024/12/22,S36
DC Cup,烙印,奇美拉,無,X,先攻,肅聲,無,,2024/12/22,S36
DC Cup,烙印,奇美拉,無,X,後攻,同步GS,無,,2024/12/22,S36
DC Cup,烙印,奇美拉,無,O,先攻,Unknown,無,,2024/12/22,S36
DC Cup,烙印,奇美拉,無,O,先攻,Unknown,無,,2024/12/22,S36
DC Cup,烙印,奇美拉,無,X,先攻,閃刀姬,無,,2024/12/23,S36
DC Cup,尤,尤貝爾,破械,X,後攻,肅聲,無,,2024/12/23,S36
DC Cup,尤,尤貝爾,破械,O,先攻,珠淚,荷魯斯,,2024/12/23,S36
DC Cup,尤,尤貝爾,破械,O,先攻,真紅眼,無,,2024/12/23,S36
DC Cup,主流,天盃,無,O,後攻,荷魯斯,無,,2024/12/23,S36
DC Cup,主流,天盃,無,O,後攻,RR,無,,2024/12/23,S36
DC Cup,主流,天盃,無,X,後攻,蛇眼,無,,2024/12/23,S36
DC Cup,主流,天盃,無,O,後攻,天盃,無,,2024/12/23,S36
DC Cup,主流,天盃,無,X,後攻,炎王,蛇眼,,2024/12/23,S36
白金4,主流,炎王,蛇眼,O,先攻,冰結界,無,升白金二,2024/12/24,S36
金3,尤,尤貝爾,破械,O,後攻,新潮廚師,無,,2024/12/24,S36
金3,烙印,奇美拉,無,O,後攻,雷精,無,,2024/12/24,S36
金3,烙印,奇美拉,無,O,後攻,珠淚,荷魯斯,,2024/12/24,S36
金3,烙印,奇美拉,無,O,先攻,白之森,無,升金2,2024/12/24,S36
白金3,主流,炎王,蛇眼,O,先攻,奇巧人偶,無,,2024/12/25,S36
金3,尤,尤貝爾,破械,O,先攻,Unknown,無,對手讓先 升金2,2024/12/25,S36
金2,烙印,奇美拉,無,X,後攻,純愛,無,,2024/12/25,S36
金2,烙印,奇美拉,無,O,後攻,燒血,無,,2024/12/25,S36
白金3,主流,炎王,蛇眼,X,後攻,白之森,神碑,,2024/12/26,S36
金2,尤,尤貝爾,破械,O,先攻,FTK,無,對手讓先,2024/12/26,S36
金2,烙印,奇美拉,無,O,先攻,FTK,無,,2024/12/26,S36
金2,烙印,奇美拉,無,O,先攻,燒血,無,,2024/12/26,S36
白金3,主流,炎王,蛇眼,X,後攻,百鬼羅剎,無,,2024/12/27,S36
白金3,主流,炎王,蛇眼,O,先攻,霸王,魔術師,,2024/12/27,S36
金2,尤,尤貝爾,破械,O,後攻,雷精,白之森,,2024/12/27,S36
金2,烙印,奇美拉,無,X,先攻,黑魔導,無,卡手,2024/12/27,S36
金2,烙印,奇美拉,無,O,後攻,海晶,無,升金1,2024/12/27,S36
白金3,主流,炎王,蛇眼,O,先攻,天盃,無,對手讓先,2024/12/30,S36
白金3,主流,炎王,雷精,X,後攻,白之森,無,超時,2024/12/30,S36
金2,尤,尤貝爾,破械,O,後攻,相劍,無,,2024/12/30,S36
金2,尤,尤貝爾,破械,X,後攻,斬機,無,,2024/12/30,S36
金2,尤,尤貝爾,破械,O,後攻,真紅眼,無,升金2,2024/12/30,S36
金1,烙印,奇美拉,無,X,後攻,幻奏,無,,2024/12/30,S36
金1,烙印,奇美拉,無,X,先攻,FTK,無,,2024/12/30,S36
金1,烙印,奇美拉,無,O,後攻,光道,無,,2024/12/30,S36
金1,烙印,奇美拉,無,O,先攻,相劍,無,,2024/12/30,S36
金1,烙印,奇美拉,無,O,後攻,HERO,無,,2024/12/30,S36
白金3,主流,炎王,蛇眼,X,後攻,百夫,無,,2024/12/31,S36
白金3,主流,炎王,蛇眼,O,先攻,白銀城,恐啡肽,,2024/12/31,S36
白金3,主流,炎王,蛇眼,O,先攻,天盃,無,對手讓先,2024/12/31,S36
金2,尤,尤貝爾,破械,O,先攻,FTK,無,,2024/12/31,S36
金1,烙印,奇美拉,無,O,先攻,珠淚,無,升白金5,2024/12/31,S36
白金4,主流,瑪麗絲,無,O,先攻,天盃,無,,2025/8/4,S44
白金4,主流,瑪麗絲,無,O,先攻,六武眾,無,,2025/8/5,S44
白金4,主流,瑪麗絲,無,X,後攻,雷精,無,,2025/8/5,S44
白金4,主流,瑪麗絲,無,X,後攻,白龍,無,,2025/8/5,S44
白金4,主流,瑪麗絲,無,O,後攻,相劍,無,,2025/8/5,S44
白金4,主流,瑪麗絲,無,O,後攻,瑪麗絲,無,,2025/8/5,S44
白金4,主流,瑪麗絲,無,O,先攻,剎帝利,無,,2025/8/5,S44
白金4,主流,瑪麗絲,無,O,先攻,寶箱怪,無,,2025/8/5,S44
白金3,主流,瑪麗絲,無,O,後攻,水晶機巧,荷魯斯,,2025/8/5,S44
白金3,主流,瑪麗絲,無,O,先攻,白龍,原石,,2025/8/5,S44
白金3,主流,瑪麗絲,無,X,先攻,天盃,閃刀姬,,2025/8/5,S44
白金3,主流,瑪麗絲,無,O,先攻,瑪麗絲,無,,2025/8/5,S44
白金3,主流,瑪麗絲,無,O,先攻,白龍,原石,,2025/8/5,S44
白金3,主流,瑪麗絲,無,X,先攻,白龍,肅聲,,2025/8/5,S44
白金3,主流,瑪麗絲,無,O,後攻,相劍,無,,2025/8/5,S44
白金3,主流,瑪麗絲,無,O,先攻,白龍,無,,2025/8/5,S44
白金2,主流,瑪麗絲,無,O,後攻,龍輝巧,無,,2025/8/6,S44
白金2,主流,瑪麗絲,無,X,後攻,雷熱,無,,2025/8/6,S44
白金2,主流,瑪麗絲,無,O,先攻,雷熱,無,,2025/8/6,S44
白金2,主流,瑪麗絲,無,O,後攻,白龍,原石,,2025/8/6,S44
金4,烙印,雷熱,無,X,後攻,雷熱,無,,2025/8/5,S44
金4,烙印,雷熱,無,O,先攻,寶箱怪,無,,2025/8/5,S44
金3,烙印,雷熱,無,X,後攻,烙印,無,,2025/8/5,S44
金3,烙印,雷熱,無,O,後攻,御巫,無,,2025/8/5,S44
金3,烙印,雷熱,無,O,先攻,Unknown,無,,2025/8/5,S44
金3,烙印,雷熱,無,O,後攻,焰聖,無,,2025/8/5,S44
金3,烙印,雷熱,無,O,先攻,雷熱,無,,2025/8/5,S44
金2,烙印,雷熱,無,O,先攻,大植然,無,,2025/8/5,S44
金2,烙印,雷熱,無,O,後攻,尤貝爾,刻魔,,2025/8/5,S44
金2,烙印,雷熱,無,O,先攻,霸王,魔術師,,2025/8/5,S44
金2,烙印,雷熱,無,X,後攻,瑪麗絲,無,,2025/8/5,S44
金2,烙印,雷熱,無,O,先攻,天盃,無,,2025/8/5,S44
金1,烙印,雷熱,無,O,先攻,斬機,無,,2025/8/5,S44
金1,烙印,雷熱,無,O,先攻,HERO,無,,2025/8/5,S44
金1,烙印,雷熱,無,O,後攻,Unknown,無,,2025/8/5,S44
金1,烙印,雷熱,無,O,先攻,天盃,閃刀姬,,2025/8/5,S44
白金5,烙印,雷熱,無,O,後攻,雷熱,無,,2025/8/5,S44
白金5,烙印,雷熱,無,O,先攻,瑪麗絲,無,,2025/8/6,S44
白金5,烙印,雷熱,無,O,後攻,Unknown,無,,2025/8/6,S44
白金5,烙印,雷熱,無,O,先攻,驅魔修女,無,,2025/8/6,S44
白金2,主流,瑪麗絲,無,O,後攻,蛇眼,無,,2025/8/6,S44
白金2,主流,瑪麗絲,無,X,先攻,雷熱,無,,2025/8/6,S44
白金2,主流,瑪麗絲,無,X,後攻,瑪麗絲,無,,2025/8/6,S44
白金2,主流,瑪麗絲,無,O,後攻,白龍,原石,,2025/8/6,S44
白金2,主流,瑪麗絲,無,X,先攻,烙印,無,,2025/8/6,S44
白金2,主流,瑪麗絲,無,X,後攻,雷熱,無,,2025/8/6,S44
白金2,主流,瑪麗絲,無,X,後攻,白銀城,無,,2025/8/6,S44
白金2,主流,瑪麗絲,無,X,後攻,相劍,無,,2025/8/6,S44
白金2,主流,瑪麗絲,無,O,後攻,進化恐龍,無,,2025/8/6,S44
白金2,主流,瑪麗絲,無,X,後攻,進化恐龍,無,,2025/8/6,S44
白金2,主流,瑪麗絲,無,O,先攻,Meta Beat,無,,2025/8/6,S44
白金2,主流,瑪麗絲,無,O,後攻,雷熱,無,,2025/8/6,S44
白金2,主流,瑪麗絲,無,X,後攻,雷熱,無,,2025/8/6,S44
白金2,主流,瑪麗絲,無,O,後攻,瑪麗絲,無,,2025/8/6,S44
白金2,主流,瑪麗絲,無,X,先攻,相劍,超重,,2025/8/6,S44
白金2,主流,瑪麗絲,無,O,先攻,烙印,無,,2025/8/6,S44
白金2,主流,瑪麗絲,無,X,後攻,雷熱,無,,2025/8/6,S44
白金2,主流,瑪麗絲,無,O,後攻,雷熱,無,,2025/8/6,S44
白金2,主流,瑪麗絲,無,X,後攻,烙印,無,,2025/8/6,S44
白金2,主流,瑪麗絲,無,X,先攻,Unknown,無,,2025/8/6,S44
白金2,主流,瑪麗絲,無,X,後攻,相劍,無,,2025/8/6,S44
白金2,主流,瑪麗絲,無,X,後攻,RR,無,,2025/8/6,S44
白金2,主流,瑪麗絲,無,X,後攻,雷熱,無,,2025/8/6,S44
白金2,主流,瑪麗絲,無,O,後攻,雷熱,無,,2025/8/6,S44
白金2,主流,瑪麗絲,無,O,先攻,天盃,無,,2025/8/6,S44
白金2,主流,瑪麗絲,無,O,先攻,龐克,無,,2025/8/6,S44
白金2,主流,瑪麗絲,無,X,後攻,瑪麗絲,無,,2025/8/6,S44
白金2,主流,瑪麗絲,無,X,後攻,瑪麗絲,千年,,2025/8/6,S44
白金2,主流,瑪麗絲,無,X,先攻,白銀城,無,,2025/8/6,S44
白金2,主流,瑪麗絲,無,O,先攻,雷熱,無,,2025/8/6,S44
白金2,主流,瑪麗絲,無,O,先攻,烙印,無,,2025/8/6,S44
白金2,主流,瑪麗絲,無,X,後攻,雷熱,無,,2025/8/6,S44
白金2,主流,瑪麗絲,無,O,後攻,疾行機人,無,,2025/8/6,S44
白金2,主流,瑪麗絲,無,O,先攻,奇美拉,聖徒,,2025/8/6,S44
白金2,主流,瑪麗絲,無,X,後攻,珠淚,64壞,,2025/8/6,S44
白金2,主流,瑪麗絲,無,X,後攻,雷熱,無,,2025/8/6,S44
白金2,主流,瑪麗絲,無,X,後攻,雷熱,無,,2025/8/6,S44
白金2,主流,瑪麗絲,無,X,後攻,瑪麗絲,無,,2025/8/6,S44
白金2,主流,瑪麗絲,無,X,先攻,雷熱,無,,2025/8/6,S44
白金2,主流,瑪麗絲,無,X,先攻,天盃,閃刀姬,對手讓先,2025/8/6,S44
白金2,主流,瑪麗絲,無,O,先攻,雷熱,無,,2025/8/6,S44
白金2,主流,瑪麗絲,無,O,先攻,64壞,無,,2025/8/6,S44
白金2,主流,瑪麗絲,無,O,後攻,雷熱,無,,2025/8/6,S44
白金2,主流,瑪麗絲,無,O,後攻,荷魯斯,刻魔,,2025/8/6,S44
白金4,烙印,雷熱,無,O,後攻,瑪麗絲,無,,2025/8/7,S44
白金4,烙印,雷熱,無,X,先攻,天盃,無,對手讓先,2025/8/7,S44
白金4,烙印,雷熱,無,O,先攻,天盃,無,對手讓先,2025/8/7,S44
白金4,烙印,雷熱,無,X,後攻,瑪麗絲,無,,2025/8/7,S44
白金4,烙印,雷熱,無,O,先攻,古生物,無,,2025/8/7,S44
白金4,烙印,雷熱,無,O,先攻,燒血,無,,2025/8/7,S44
白金4,烙印,雷熱,無,X,先攻,炎王,蛇眼,,2025/8/7,S44
白金4,烙印,雷熱,無,X,先攻,水晶機巧,無,,2025/8/7,S44
白金4,烙印,雷熱,無,O,先攻,閃刀姬,無,,2025/8/7,S44
白金4,烙印,雷熱,無,O,先攻,御巫,無,,2025/8/7,S44
白金4,烙印,雷熱,無,O,後攻,白龍,原石,,2025/8/7,S44
白金4,烙印,雷熱,無,O,後攻,百鬼羅剎,刻魔,,2025/8/7,S44
白金3,烙印,雷熱,無,O,先攻,霸王,魔術師,對手讓先,2025/8/7,S44
白金1,主流,瑪麗絲,無,O,先攻,雷熱,無,,2025/8/7,S44
白金1,主流,瑪麗絲,無,O,後攻,瑪麗絲,斬機,,2025/8/7,S44
白金1,主流,瑪麗絲,無,X,後攻,進化恐龍,無,,2025/8/7,S44
白金1,主流,瑪麗絲,無,O,先攻,雷熱,無,,2025/8/7,S44
白金1,主流,瑪麗絲,無,O,先攻,六武眾,無,,2025/8/7,S44
白金1,主流,瑪麗絲,無,O,先攻,雷熱,無,,2025/8/7,S44
鑽5,主流,瑪麗絲,無,X,後攻,雷熱,無,,2025/8/7,S44
鑽5,主流,瑪麗絲,無,O,後攻,瑪麗絲,無,,2025/8/7,S44
白金3,烙印,雷熱,無,X,後攻,Unknown,無,,2025/8/10,S44
白金3,烙印,雷熱,無,O,後攻,瑪麗絲,無,,2025/8/10,S44
白金3,烙印,雷熱,無,O,後攻,奇巧人偶,無,,2025/8/11,S44
白金3,烙印,雷熱,無,X,先攻,雷熱,無,,2025/8/12,S44
白金3,烙印,雷熱,無,O,後攻,相劍,無,,2025/8/12,S44
鑽5,主流,瑪麗絲,無,O,先攻,荷魯斯,無,,2025/8/12,S44
白金3,烙印,雷熱,無,O,先攻,瑪麗絲,無,,2025/8/18,S44
白金3,烙印,雷熱,無,O,先攻,64壞,無,,2025/8/20,S44
白金2,烙印,雷熱,無,O,後攻,雷熱,無,,2025/8/20,S44
白金2,烙印,雷熱,無,O,後攻,烙印,無,,2025/8/20,S44
白金2,烙印,雷熱,無,O,先攻,瑪麗絲,無,,2025/8/20,S44
白金2,烙印,雷熱,無,O,先攻,瑪麗絲,無,,2025/8/20,S44
鑽5,主流,瑪麗絲,無,O,後攻,Unknown,無,,2025/8/20,S44
鑽5,主流,瑪麗絲,無,O,先攻,白銀城,無,,2025/8/20,S44
鑽4,主流,瑪麗絲,無,O,先攻,瑪麗絲,無,,2025/8/20,S44
鑽4,主流,瑪麗絲,無,O,先攻,雷熱,無,,2025/8/20,S44
鑽4,主流,瑪麗絲,無,X,先攻,瑪麗絲,無,牌運太差,2025/8/21,S44
鑽4,主流,瑪麗絲,無,O,先攻,雷熱,無,,2025/8/25,S44
白金1,烙印,雷熱,無,X,先攻,龍華,相劍,,2025/8/27,S44
白金1,烙印,雷熱,無,O,先攻,HERO,無,,2025/8/27,S44
白金1,烙印,雷熱,無,X,先攻,千年,無,,2025/8/27,S44
白金1,烙印,雷熱,無,O,先攻,烙印,珠淚,,2025/8/27,S44
鑽4,主流,瑪麗絲,無,O,先攻,雷熱,無,,2025/8/27,S44
鑽4,主流,瑪麗絲,無,O,先攻,銀河眼,無,,2025/8/27,S44
鑽3,主流,瑪麗絲,無,X,先攻,天盃,閃刀姬,,2025/8/27,S44
鑽3,主流,瑪麗絲,無,X,後攻,奇美拉,無,,2025/8/27,S44
鑽4,主流,瑪麗絲,無,X,先攻,雷熱,無,,2025/8/29,S44
鑽4,主流,瑪麗絲,無,O,後攻,雷熱,無,,2025/8/29,S44
鑽4,主流,瑪麗絲,無,O,後攻,雷熱,無,,2025/8/29,S44
鑽4,主流,瑪麗絲,無,X,後攻,瑪麗絲,無,,2025/8/29,S44
鑽4,主流,瑪麗絲,無,O,先攻,雷熱,無,,2025/8/29,S44
鑽4,主流,瑪麗絲,無,X,後攻,百夫,刻魔,,2025/8/29,S44
鑽4,主流,瑪麗絲,無,X,後攻,白龍,無,,2025/8/29,S44
鑽4,主流,瑪麗絲,無,O,先攻,白之森,聖徒,,2025/8/29,S44
鑽4,主流,瑪麗絲,無,O,先攻,天盃,無,對手讓先,2025/8/29,S44
白金1,烙印,雷熱,無,X,後攻,雷熱,無,,2025/8/29,S44
白金1,烙印,雷熱,無,X,先攻,紅惡魔龍,無,,2025/8/29,S44
白金1,烙印,雷熱,無,O,先攻,瑪麗絲,無,,2025/8/29,S44
鑽4,主流,瑪麗絲,無,X,先攻,雷熱,無,對手讓先,2025/8/29,S44
鑽4,主流,瑪麗絲,無,X,後攻,瑪麗絲,無,,2025/8/29,S44
鑽4,主流,瑪麗絲,無,O,後攻,烙印,無,,2025/8/29,S44
鑽4,主流,瑪麗絲,無,X,先攻,雷熱,無,,2025/8/29,S44
鑽4,主流,瑪麗絲,無,X,後攻,白龍,無,,2025/8/29,S44
鑽4,主流,瑪麗絲,無,X,後攻,瑪麗絲,無,,2025/8/29,S44
鑽4,主流,瑪麗絲,無,X,先攻,珠淚,刻魔,,2025/8/29,S44
鑽5,主流,瑪麗絲,無,X,先攻,64壞,無,對手讓先,2025/8/29,S44
鑽5,主流,瑪麗絲,無,X,先攻,天盃,無,對手讓先,2025/8/31,S44
鑽5,主流,瑪麗絲,無,O,先攻,Meta Beat,無,,2025/8/31,S44
白金1,烙印,雷熱,無,X,先攻,瑪麗絲,無,,2025/8/31,S44
白金1,烙印,雷熱,無,O,先攻,64壞,無,,2025/8/31,S44
白金5,主流,瑪麗絲,無,X,後攻,雷熱,無,,2025/9/2,S45
白金5,主流,瑪麗絲,無,O,後攻,Unknown,無,,2025/9/2,S45
白金5,主流,瑪麗絲,無,O,先攻,斬機,無,,2025/9/2,S45
金5,烙印,雷熱,無,X,先攻,瑪麗絲,無,,2025/9/2,S45
金5,烙印,雷熱,無,O,先攻,龐克,無,對手讓先,2025/9/2,S45
金5,烙印,雷熱,無,O,後攻,斬機,無,,2025/9/2,S45
白金5,主流,瑪麗絲,無,O,後攻,雷熱,刻魔,,2025/9/3,S45
金5,烙印,雷熱,無,O,後攻,Unknown,無,,2025/9/3,S45
金4,烙印,雷熱,無,O,先攻,HERO,無,,2025/9/4,S45
白金5,主流,瑪麗絲,無,O,先攻,千年,無,,2025/9/4,S45
白金4,主流,瑪麗絲,無,O,先攻,瑪麗絲,無,,2025/9/5,S45
白金4,主流,瑪麗絲,無,O,先攻,神碑,無,,2025/9/5,S45
白金4,主流,瑪麗絲,無,X,先攻,瑪麗絲,斬機,,2025/9/5,S45
金4,烙印,雷熱,無,O,先攻,古巨基,無,,2025/9/5,S45
金4,烙印,雷熱,無,O,先攻,超重,無,,2025/9/5,S45
白金4,主流,瑪麗絲,無,O,先攻,進化恐龍,無,,2025/9/6,S45
金4,烙印,雷熱,無,X,先攻,天盃,無,對手讓先,2025/9/6,S45
金4,烙印,雷熱,無,O,先攻,銀河眼,無,,2025/9/6,S45
金3,烙印,雷熱,無,O,後攻,雷熱,無,,2025/9/6,S45
金3,烙印,雷熱,無,O,先攻,64壞,無,,2025/9/6,S45
金3,烙印,雷熱,無,O,後攻,烙印,無,,2025/9/7,S45
白金4,主流,瑪麗絲,無,O,先攻,黑魔導,原石,,2025/9/8,S45
金3,烙印,雷熱,無,O,後攻,奇巧人偶,無,,2025/9/8,S45
金2,烙印,雷熱,無,X,先攻,Unknown,無,,2025/9/9,S45
金2,烙印,雷熱,無,X,後攻,瑪麗絲,無,,2025/9/9,S45
金2,烙印,雷熱,無,O,先攻,百夫,無,,2025/9/9,S45
白金4,主流,瑪麗絲,無,O,後攻,尤貝爾,破械,,2025/9/9,S45
白金3,主流,瑪麗絲,無,X,先攻,白之森,聖徒,,2025/9/9,S45
白金3,主流,瑪麗絲,無,X,先攻,雷熱,無,吃了兩張槍==,2025/9/9,S45
白金3,主流,瑪麗絲,無,O,先攻,旅鳥,無,,2025/9/10,S45
金2,烙印,雷熱,無,O,先攻,蟲惑魔,無,,2025/9/10,S45
金2,烙印,雷熱,無,O,先攻,Unknown,無,,2025/9/10,S45
白金3,主流,瑪麗絲,無,O,先攻,珠淚,刻魔,,2025/9/11,S45
白金3,主流,瑪麗絲,無,O,先攻,御巫,刻魔,,2025/9/11,S45
金2,烙印,雷熱,無,O,後攻,電子龍,無,,2025/9/11,S45
白金3,主流,瑪麗絲,無,O,先攻,海皇,無,,2025/9/12,S45
金2,烙印,雷熱,無,O,先攻,瑪麗絲,無,,2025/9/12,S45
金1,烙印,雷熱,無,X,先攻,烙印,無,,2025/9/13,S45
白金2,主流,瑪麗絲,無,O,後攻,雷熱,無,,2025/9/13,S45
白金2,主流,瑪麗絲,無,O,先攻,RR,無,,2025/9/14,S45
白金2,主流,瑪麗絲,無,X,先攻,荷魯斯,無,,2025/9/14,S45
金1,烙印,雷熱,無,O,先攻,64壞,無,,2025/9/14,S45
白金2,主流,瑪麗絲,無,O,先攻,Unknown,無,,2025/9/15,S45
白金2,主流,瑪麗絲,無,X,先攻,原質,勇者,,2025/9/16,S45
白金2,主流,瑪麗絲,無,X,先攻,斬機,無,,2025/9/16,S45
白金2,主流,瑪麗絲,無,X,後攻,珠淚,刻魔,,2025/9/16,S45
白金2,主流,瑪麗絲,無,X,後攻,瑪麗絲,無,,2025/9/16,S45
白金2,主流,瑪麗絲,無,O,先攻,瑪麗絲,無,,2025/9/16,S45
金1,烙印,雷熱,無,O,先攻,瑪麗絲,無,對手讓先,2025/9/16,S45
金1,烙印,雷熱,無,X,先攻,燒血,無,,2025/9/16,S45
DC Cup,主流,瑪麗絲,無,O,先攻,Unknown,無,,2025/9/17,S45
DC Cup,主流,瑪麗絲,無,O,先攻,瑪麗絲,無,,2025/9/17,S45
DC Cup,烙印,雷熱,無,O,後攻,Unknown,無,,2025/9/17,S45
DC Cup,烙印,雷熱,無,X,後攻,神碑,無,,2025/9/17,S45
金1,烙印,雷熱,無,O,先攻,燒血,無,,2025/9/19,S45
DC Cup,主流,瑪麗絲,無,O,先攻,蟲惑魔,無,,2025/9/19,S45
DC Cup,主流,瑪麗絲,無,O,先攻,Unknown,無,,2025/9/20,S45
DC Cup,主流,瑪麗絲,無,O,先攻,雷熱,無,,2025/9/20,S45
DC Cup,烙印,雷熱,無,O,後攻,Meta Beat,無,,2025/9/20,S45
DC Cup,烙印,雷熱,無,O,後攻,寶箱怪,無,,2025/9/21,S45
DC Cup,主流,瑪麗絲,無,O,先攻,聲選姬,刻魔,,2025/9/21,S45
DC Cup,烙印,雷熱,無,O,先攻,Unknown,無,,2025/9/22,S45
DC Cup,烙印,雷熱,無,O,先攻,荷魯斯,無,,2025/9/22,S45
DC Cup,主流,瑪麗絲,無,O,後攻,雷熱,無,,2025/9/22,S45
DC Cup,烙印,雷熱,無,O,先攻,Unknown,無,,2025/9/24,S45
DC Cup,烙印,雷熱,無,O,後攻,RR,無,,2025/9/24,S45
DC Cup,烙印,雷熱,無,O,先攻,尤貝爾,破械,,2025/9/24,S45
DC Cup,主流,瑪麗絲,無,X,後攻,天琴,無,超時,2025/9/24,S45
DC Cup,主流,瑪麗絲,無,O,先攻,蛇眼,刻魔,,2025/9/24,S45
DC Cup,主流,瑪麗絲,無,O,先攻,烙印,無,,2025/9/25,S45
DC Cup,主流,瑪麗絲,無,O,後攻,Unknown,無,,2025/9/25,S45
DC Cup,烙印,雷熱,無,O,先攻,霸王,無,,2025/9/25,S45
DC Cup,烙印,雷熱,無,O,後攻,百鬼羅剎,無,,2025/9/26,S45
DC Cup,烙印,雷熱,無,O,後攻,Unknown,無,,2025/9/26,S45
DC Cup,烙印,雷熱,無,O,先攻,Meta Beat,64壞,,2025/9/26,S45
DC Cup,主流,瑪麗絲,無,O,先攻,白龍,原石,,2025/9/26,S45
DC Cup,主流,瑪麗絲,無,O,先攻,Unknown,無,,2025/9/26,S45
DC Cup,主流,瑪麗絲,無,O,先攻,Unknown,無,,2025/9/27,S45
DC Cup,主流,瑪麗絲,無,O,後攻,天盃,無,,2025/9/27,S45
DC Cup,主流,瑪麗絲,無,O,後攻,Unknown,無,,2025/9/27,S45
DC Cup,主流,瑪麗絲,無,X,先攻,寶石,無,,2025/9/27,S45
DC Cup,主流,瑪麗絲,無,X,先攻,古巨基,無,對手讓先,2025/9/27,S45
DC Cup,主流,瑪麗絲,無,O,先攻,黑魔導,無,,2025/9/27,S45
DC Cup,主流,瑪麗絲,無,O,先攻,Unknown,無,,2025/9/27,S45
DC Cup,主流,瑪麗絲,無,X,先攻,白龍,無,,2025/9/27,S45
DC Cup,主流,瑪麗絲,無,O,後攻,海皇,無,,2025/9/27,S45
DC Cup,烙印,雷熱,無,O,先攻,Unknown,無,,2025/9/27,S45
DC Cup,烙印,雷熱,無,O,後攻,瑪麗絲,無,,2025/9/27,S45
DC Cup,烙印,雷熱,無,O,後攻,Unknown,無,,2025/9/27,S45
DC Cup,烙印,雷熱,無,O,後攻,斬機,無,,2025/9/27,S45
DC Cup,烙印,雷熱,無,O,先攻,奇巧人偶,無,,2025/9/27,S45
DC Cup,烙印,雷熱,無,X,後攻,Unknown,無,,2025/9/27,S45
DC Cup,烙印,雷熱,無,O,先攻,瑪麗絲,無,,2025/9/27,S45
DC Cup,烙印,雷熱,無,X,後攻,HERO,無,,2025/9/27,S45
DC Cup,烙印,雷熱,無,O,後攻,白之森,蛇眼,,2025/9/27,S45
DC Cup,烙印,雷熱,無,O,後攻,斬機,無,,2025/9/27,S45
DC Cup,烙印,雷熱,無,X,先攻,冰結界,無,,2025/9/27,S45
DC Cup,烙印,雷熱,無,O,先攻,Unknown,無,,2025/9/27,S45
DC Cup,烙印,雷熱,無,O,先攻,紅惡魔龍,無,,2025/9/27,S45
DC Cup,烙印,雷熱,無,X,後攻,烙印,無,,2025/9/28,S45
DC Cup,烙印,雷熱,無,O,先攻,Unknown,無,,2025/9/28,S45
DC Cup,烙印,雷熱,無,X,先攻,瑪麗絲,無,對手讓先,2025/9/28,S45
DC Cup,烙印,雷熱,無,O,後攻,Unknown,無,,2025/9/28,S45
DC Cup,烙印,雷熱,無,O,先攻,同步GS,無,,2025/9/28,S45
DC Cup,主流,瑪麗絲,無,X,後攻,天盃,64壞,,2025/9/28,S45
DC Cup,主流,瑪麗絲,無,O,後攻,瑪麗絲,無,,2025/9/28,S45
DC Cup,主流,瑪麗絲,無,X,後攻,白龍,原石,超時,2025/9/28,S45
DC Cup,主流,瑪麗絲,無,X,後攻,寶石,珠淚,,2025/9/28,S45
DC Cup,主流,瑪麗絲,無,X,先攻,御巫,無,對手讓先,2025/9/28,S45
DC Cup,主流,瑪麗絲,無,O,先攻,雷熱,無,,2025/9/28,S45
DC Cup,主流,瑪麗絲,無,O,先攻,閃刀姬,神碑,,2025/9/28,S45
DC Cup,主流,瑪麗絲,無,X,先攻,奇美拉,無,,2025/9/28,S45
DC Cup,主流,瑪麗絲,無,X,後攻,Meta Beat,無,,2025/9/28,S45
DC Cup,主流,瑪麗絲,無,X,先攻,瑪麗絲,無,,2025/9/28,S45
DC Cup,主流,瑪麗絲,無,O,後攻,瑪麗絲,無,,2025/9/29,S45
DC Cup,主流,瑪麗絲,無,O,後攻,瑪麗絲,無,,2025/9/29,S45
DC Cup,主流,瑪麗絲,無,O,先攻,相劍,無,對手讓先,2025/9/29,S45
DC Cup,烙印,雷熱,無,O,先攻,Unknown,無,,2025/9/29,S45
DC Cup,烙印,雷熱,無,X,後攻,雷熱,無,,2025/9/29,S45
DC Cup,烙印,雷熱,無,X,後攻,雷熱,無,,2025/9/29,S45
DC Cup,烙印,雷熱,無,O,先攻,斬機,無,,2025/9/29,S45
DC Cup,烙印,雷熱,無,O,後攻,64壞,無,,2025/9/29,S45
DC Cup,烙印,雷熱,無,O,後攻,瑪麗絲,無,,2025/9/29,S45
金5,烙印,雷熱,無,O,後攻,白銀城,無,,2025/10/1,S46
金5,烙印,雷熱,無,O,先攻,疾行機人,無,,2025/10/5,S46
金5,烙印,雷熱,無,O,先攻,燒血,無,,2025/10/5,S46
金5,主流,瑪麗絲,無,X,後攻,海皇,無,,2025/10/5,S46
金5,主流,瑪麗絲,無,O,先攻,百夫,無,,2025/10/5,S46
金5,主流,瑪麗絲,無,O,後攻,HERO,無,,2025/10/6,S46
金5,烙印,雷熱,無,X,後攻,珠淚,刻魔,,2025/10/6,S46
金5,烙印,雷熱,無,X,後攻,大植然,無,,2025/10/6,S46
金5,烙印,雷熱,無,X,後攻,蟲惑魔,無,,2025/10/6,S46
金5,烙印,雷熱,無,X,先攻,HERO,無,,2025/10/6,S46
金5,主流,瑪麗絲,無,X,後攻,白龍,原石,,2025/10/7,S46
金5,主流,瑪麗絲,無,X,後攻,寶箱怪,無,,2025/10/7,S46
金5,主流,瑪麗絲,無,X,後攻,百夫,無,,2025/10/7,S46
金5,主流,瑪麗絲,無,O,先攻,刻魔,無,,2025/10/7,S46
金4,主流,瑪麗絲,無,O,後攻,Unknown,無,,2025/10/7,S46
金5,烙印,雷熱,無,O,後攻,白龍,無,,2025/10/7,S46
金5,烙印,雷熱,無,O,後攻,珠淚,刻魔,,2025/10/8,S46
金4,主流,瑪麗絲,無,O,後攻,尤貝爾,大植然,,2025/10/8,S46
金4,主流,瑪麗絲,無,X,後攻,肅聲,無,,2025/10/8,S46
金4,主流,瑪麗絲,無,O,先攻,同步GS,無,,2025/10/8,S46
金4,主流,瑪麗絲,無,X,後攻,瑪麗絲,無,,2025/10/8,S46
金4,主流,瑪麗絲,無,O,先攻,RR,無,,2025/10/8,S46
金4,烙印,雷熱,無,O,後攻,純愛,無,,2025/10/9,S46
金4,主流,瑪麗絲,無,X,後攻,巳劍,無,,2025/10/9,S46
金4,主流,瑪麗絲,無,X,後攻,天琴,無,,2025/10/9,S46
金4,主流,瑪麗絲,無,X,後攻,Meta Beat,無,,2025/10/9,S46
金4,主流,瑪麗絲,無,O,後攻,燒血,無,,2025/10/9,S46
金3,主流,瑪麗絲,無,O,先攻,征龍,無,,2025/10/10,S46
金3,主流,瑪麗絲,無,O,先攻,燒血,無,,2025/10/10,S46
金4,烙印,雷熱,無,X,先攻,天琴,無,,2025/10/10,S46
金4,烙印,雷熱,無,O,後攻,荷魯斯,無,,2025/10/10,S46
金4,烙印,雷熱,無,O,先攻,RR,無,,2025/10/10,S46
金4,烙印,雷熱,無,X,先攻,寶箱怪,無,,2025/10/10,S46
金4,烙印,雷熱,無,O,先攻,進化恐龍,無,,2025/10/12,S46
金3,主流,瑪麗絲,無,O,先攻,伊格尼斯,無,,2025/10/12,S46
金2,主流,瑪麗絲,無,O,先攻,肅聲,無,,2025/10/13,S46
金2,主流,瑪麗絲,無,X,後攻,雷精,無,,2025/10/13,S46
金2,主流,瑪麗絲,無,X,先攻,百夫,無,,2025/10/13,S46
金2,主流,瑪麗絲,無,O,先攻,百夫,紅惡魔龍,,2025/10/13,S46
金3,烙印,雷熱,無,O,後攻,雷熱,無,,2025/10/13,S46
金2,主流,瑪麗絲,無,X,先攻,RR,無,,2025/10/14,S46
金2,主流,瑪麗絲,無,O,先攻,白龍,無,,2025/10/14,S46
金2,主流,瑪麗絲,無,O,先攻,Meta Beat,無,,2025/10/29,S46
金1,主流,雷熱,巳劍,O,先攻,Unknown,無,,2025/10/29,S46
金3,烙印,雷熱,無,O,先攻,龍女僕,無,,2025/10/29,S46
金3,烙印,雷熱,無,O,先攻,RR,無,,2025/10/29,S46
金3,烙印,雷熱,巳劍,O,先攻,雷熱,百夫,,2025/10/29,S46
金2,烙印,雷熱,巳劍,X,先攻,新潮廚師,巳劍,,2025/10/29,S46
金2,烙印,雷熱,巳劍,O,先攻,黑羽,無,,2025/10/29,S46
金2,烙印,雷熱,巳劍,X,後攻,龍女僕,無,,2025/10/29,S46
金2,烙印,雷熱,巳劍,X,後攻,天琴,刻魔,,2025/10/29,S46
金2,烙印,雷熱,巳劍,O,先攻,天琴,巳劍,,2025/10/29,S46
金2,烙印,雷熱,巳劍,O,後攻,烙印,無,,2025/10/29,S46
金2,烙印,雷熱,巳劍,O,先攻,烙印,無,,2025/10/29,S46
金1,主流,雷熱,巳劍,O,先攻,肅聲,無,,2025/10/30,S46
金1,主流,雷熱,巳劍,X,先攻,雷熱,無,,2025/10/30,S46
金1,主流,雷熱,巳劍,O,先攻,雷熱,無,,2025/10/30,S46
金1,主流,雷熱,巳劍,O,先攻,雷精,雙子,,2025/10/30,S46
白金5,主流,雷熱,巳劍,O,後攻,電子龍,無,,2025/10/30,S46
白金5,主流,雷熱,巳劍,O,先攻,銀河眼,無,對手讓先,2025/10/30,S46
金1,烙印,雷熱,巳劍,O,後攻,Meta Beat,無,,2025/10/30,S46
金1,烙印,雷熱,巳劍,X,先攻,龍女僕,無,,2025/10/30,S46
金1,烙印,雷熱,巳劍,O,先攻,Unknown,無,,2025/10/30,S46
白金5,主流,雷熱,巳劍,O,後攻,Meta Beat,無,,2025/10/31,S46
白金5,主流,雷熱,巳劍,O,後攻,寶石,無,,2025/10/31,S46
白金4,主流,雷熱,巳劍,O,先攻,蟲惑魔,無,,2025/10/31,S46
白金4,主流,雷熱,巳劍,O,先攻,烙印,無,,2025/10/31,S46
白金4,主流,雷熱,巳劍,O,先攻,Meta Beat,64壞,,2025/10/31,S46
白金4,主流,雷熱,巳劍,O,先攻,龍輝巧,無,,2025/10/31,S46
白金3,主流,雷熱,巳劍,O,後攻,百夫,荷魯斯,,2025/10/31,S46
白金3,主流,雷熱,巳劍,O,先攻,百夫,無,,2025/10/31,S46
白金3,主流,雷熱,巳劍,O,後攻,蛇眼,刻魔,,2025/10/31,S46
白金3,主流,雷熱,巳劍,O,後攻,天琴,閃刀姬,,2025/10/31,S46
白金2,主流,雷熱,巳劍,O,先攻,Meta Beat,無,,2025/10/31,S46
白金2,主流,雷熱,巳劍,X,先攻,瑪麗絲,無,,2025/10/31,S46
白金2,主流,雷熱,巳劍,X,後攻,雷熱,刻魔,,2025/10/31,S46
白金2,主流,雷熱,巳劍,O,先攻,HERO,刻魔,,2025/10/31,S46
白金2,主流,雷熱,巳劍,X,後攻,白龍,無,失誤,2025/10/31,S46
白金2,主流,雷熱,巳劍,O,後攻,刻魔,無,,2025/10/31,S46
白金2,主流,雷熱,巳劍,O,後攻,白龍,原石,,2025/10/31,S46
白金2,主流,雷熱,巳劍,X,先攻,白之森,刻魔,,2025/10/31,S46
白金2,主流,雷熱,巳劍,O,後攻,Meta Beat,無,,2025/10/31,S46
白金2,主流,雷熱,巳劍,X,先攻,純愛,無,,2025/10/31,S46
白金2,主流,雷熱,巳劍,O,後攻,巳劍,刻魔,,2025/10/31,S46
白金2,主流,雷熱,巳劍,X,先攻,炎獸,無,失誤,2025/10/31,S46
白金2,主流,雷熱,巳劍,X,先攻,白銀城,無,吃兩張鎖鳥,2025/10/31,S46
金1,烙印,雷熱,巳劍,O,先攻,雷熱,巳劍,,2025/10/31,S46
白金5,烙印,雷熱,巳劍,O,先攻,白銀城,無,,2025/10/31,S46
白金5,烙印,雷熱,巳劍,O,先攻,白龍,原石,,2025/10/31,S46
白金5,烙印,雷熱,巳劍,O,後攻,RR,無,,2025/10/31,S46
白金5,烙印,雷熱,巳劍,O,後攻,Unknown,無,,2025/10/31,S46
白金4,烙印,雷熱,巳劍,X,先攻,炎王,蛇眼,卡手,2025/10/31,S46
白金4,烙印,雷熱,巳劍,O,先攻,瑪麗絲,無,,2025/10/31,S46
白金4,烙印,雷熱,巳劍,O,先攻,黑魔導,無,對手讓先,2025/10/31,S46
白金4,烙印,雷熱,巳劍,O,後攻,教導,無,,2025/10/31,S46
白金4,烙印,雷熱,巳劍,O,先攻,Unknown,無,,2025/10/31,S46
白金3,烙印,雷熱,巳劍,O,先攻,天盃,無,,2025/10/31,S46
白金3,烙印,雷熱,巳劍,O,先攻,HERO,無,,2025/10/31,S46
白金3,烙印,雷熱,巳劍,O,先攻,雷熱,巳劍,,2025/10/31,S46
白金3,烙印,雷熱,巳劍,O,先攻,RR,無,,2025/10/31,S46
白金2,烙印,雷熱,巳劍,O,後攻,寶石,珠淚,,2025/10/31,S46
白金2,烙印,雷熱,巳劍,X,後攻,尤貝爾,刻魔,,2025/10/31,S46
白金2,烙印,雷熱,巳劍,O,先攻,電子龍,無,,2025/10/31,S46
白金2,烙印,雷熱,巳劍,O,先攻,炎王,無,,2025/10/31,S46
白金2,烙印,雷熱,巳劍,O,後攻,天琴,刻魔,升白金一,2025/10/31,S46
白金2,主流,雷熱,巳劍,O,先攻,斬機,無,,2025/10/31,S46
白金2,主流,雷熱,巳劍,X,後攻,雷熱,無,,2025/10/31,S46
白金2,主流,雷熱,巳劍,O,後攻,再世,無,,2025/10/31,S46
白金2,主流,雷熱,巳劍,O,先攻,水GS,無,,2025/10/31,S46
白金2,主流,雷熱,巳劍,O,後攻,閃刀姬,無,,2025/10/31,S46
白金2,主流,雷熱,巳劍,O,後攻,黃金櫃,無,升白金一,2025/10/31,S46
白金1,主流,雷熱,巳劍,O,後攻,瑪麗絲,無,,2025/10/31,S46
白金1,主流,雷熱,巳劍,X,先攻,雷精,無,,2025/10/31,S46
白金1,主流,雷熱,巳劍,O,先攻,白龍,原石,,2025/10/31,S46
白金1,主流,雷熱,巳劍,O,先攻,再世,無,對手讓先,2025/10/31,S46
白金1,主流,雷熱,巳劍,X,先攻,54壞,無,,2025/10/31,S46
白金1,主流,雷熱,巳劍,O,先攻,瑪麗絲,無,,2025/10/31,S46
白金1,主流,雷熱,巳劍,O,先攻,天盃,無,,2025/10/31,S46
白金1,主流,雷熱,巳劍,O,先攻,龍女僕,無,升鑽五,2025/10/31,S46
鑽5,主流,雷熱,巳劍,X,後攻,瑪麗絲,無,,2025/10/31,S46
鑽5,主流,雷熱,巳劍,X,後攻,白銀城,無,,2025/10/31,S46
鑽5,主流,雷熱,巳劍,O,先攻,Meta Beat,無,,2025/10/31,S46
鑽5,主流,雷熱,巳劍,X,後攻,R-ACE,刻魔,,2025/10/31,S46
鑽5,主流,雷熱,巳劍,X,先攻,HERO,無,,2025/10/31,S46
鑽5,主流,雷熱,巳劍,X,先攻,FTK,無,,2025/10/31,S46
鑽5,主流,雷熱,巳劍,X,先攻,古巨基,無,,2025/10/31,S46
鑽5,主流,雷熱,巳劍,X,後攻,龍女僕,無,,2025/10/31,S46
鑽5,主流,雷熱,巳劍,O,先攻,烙印,無,,2025/10/31,S46
鑽5,主流,雷熱,巳劍,X,先攻,FTK,無,,2025/10/31,S46
鑽5,主流,雷熱,巳劍,O,先攻,霸王,魔術師,,2025/10/31,S46
鑽5,主流,雷熱,巳劍,O,先攻,寶石,珠淚,,2025/10/31,S46
鑽5,主流,雷熱,巳劍,O,後攻,霸王,魔術師,,2025/10/31,S46
鑽5,主流,雷熱,巳劍,O,先攻,白龍,原石,,2025/10/31,S46
鑽4,主流,雷熱,巳劍,X,後攻,巳劍,刻魔,,2025/10/31,S46
鑽4,主流,雷熱,巳劍,X,先攻,天琴,刻魔,,2025/10/31,S46
鑽4,主流,雷熱,巳劍,O,先攻,燒血,無,,2025/10/31,S46
鑽4,主流,雷熱,巳劍,O,先攻,白銀城,無,,2025/10/31,S46
鑽4,主流,雷熱,巳劍,O,後攻,瑪麗絲,無,,2025/10/31,S46
鑽4,主流,雷熱,巳劍,O,後攻,寶石,珠淚,升鑽三,2025/10/31,S46
鑽3,主流,雷熱,巳劍,O,後攻,龍女僕,白龍,,2025/10/31,S46
鑽3,主流,雷熱,巳劍,O,先攻,巳劍,無,,2025/10/31,S46
鑽3,主流,雷熱,巳劍,X,先攻,瑪麗絲,無,,2025/10/31,S46
鑽3,主流,雷熱,巳劍,X,後攻,尤貝爾,破械,,2025/10/31,S46
白金5,主流,雷熱,巳劍,O,後攻,瞳魔,無,,2025/11/2,S47
白金5,主流,雷熱,巳劍,X,後攻,再世,無,,2025/11/2,S47
白金5,主流,雷熱,巳劍,X,後攻,白銀城,無,,2025/11/2,S47
白金5,主流,雷熱,巳劍,O,先攻,記憶物,無,,2025/11/2,S47
金5,烙印,雷熱,巳劍,O,後攻,白龍,原石,,2025/11/2,S47
金5,烙印,雷熱,巳劍,O,先攻,瑪麗絲,無,,2025/11/2,S47
白金5,主流,雷熱,巳劍,O,先攻,珠淚,刻魔,,2025/11/3,S47
白金5,主流,雷熱,巳劍,O,先攻,瑪麗絲,無,,2025/11/3,S47
白金5,主流,雷熱,巳劍,O,後攻,烙印,無,升白金4,2025/11/3,S47
白金4,主流,雷熱,巳劍,X,後攻,雷熱,無,,2025/11/3,S47
白金4,主流,雷熱,巳劍,X,後攻,巳劍,刻魔,,2025/11/3,S47
金5,烙印,雷熱,巳劍,O,先攻,荷魯斯,無,,2025/11/3,S47
白金4,主流,雷熱,巳劍,O,先攻,烙印,珠淚,,2025/11/4,S47
金5,烙印,雷熱,巳劍,O,先攻,龍女僕,無,升金4,2025/11/4,S47
金4,烙印,雷熱,巳劍,O,後攻,炎獸,無,,2025/11/4,S47
金4,烙印,雷熱,巳劍,O,先攻,64壞,無,,2025/11/4,S47
白金4,主流,雷熱,巳劍,X,後攻,天琴,巳劍,,2025/11/5,S47
白金4,主流,雷熱,巳劍,X,後攻,瑪麗絲,斬機,,2025/11/5,S47
白金4,主流,雷熱,巳劍,X,先攻,瑪麗絲,無,,2025/11/5,S47
白金4,主流,雷熱,巳劍,X,後攻,烙印,無,,2025/11/5,S47
白金4,主流,雷熱,巳劍,O,先攻,尤貝爾,刻魔,,2025/11/5,S47
金4,烙印,雷熱,巳劍,O,先攻,烙印,無,,2025/11/5,S47
白金4,主流,雷熱,巳劍,X,後攻,64壞,無,,2025/11/6,S47
白金4,主流,雷熱,巳劍,X,後攻,烙印,無,,2025/11/6,S47
白金4,主流,雷熱,巳劍,X,先攻,月光,光道,大卡手,2025/11/6,S47
白金4,主流,雷熱,巳劍,O,先攻,烙印,珠淚,,2025/11/6,S47
金4,烙印,雷熱,巳劍,O,先攻,紅惡魔龍,無,升金3,2025/11/6,S47
白金4,主流,雷熱,巳劍,X,後攻,白龍,原石,,2025/11/7,S47
白金4,主流,雷熱,巳劍,O,後攻,新潮廚師,無,,2025/11/7,S47
金3,烙印,雷熱,巳劍,O,先攻,新潮廚師,無,,2025/11/7,S47
金3,烙印,雷熱,巳劍,O,先攻,記憶物,無,,2025/11/7,S47
金3,烙印,雷熱,巳劍,O,先攻,Unknown,無,,2025/11/7,S47
金3,烙印,雷熱,巳劍,X,先攻,電子龍,無,,2025/11/7,S47
金3,烙印,雷熱,巳劍,O,先攻,寶箱怪,肅聲,,2025/11/7,S47
白金4,主流,雷熱,巳劍,X,後攻,珠淚,無,,2025/11/8,S47
白金4,主流,雷熱,巳劍,O,先攻,Meta Beat,無,,2025/11/8,S47
金2,烙印,雷熱,巳劍,O,先攻,閃刀姬,天盃,對手讓先,2025/11/8,S47
白金4,主流,雷熱,巳劍,O,先攻,Unknown,無,,2025/11/9,S47
金2,烙印,閃刀姬,無,X,先攻,御巫,刻魔,,2025/11/9,S47
白金4,主流,雷熱,巳劍,O,先攻,雷熱,無,,2025/11/10,S47
金2,烙印,閃刀姬,無,X,先攻,Meta Beat,無,卡手,2025/11/10,S47
金2,烙印,閃刀姬,無,O,後攻,Unknown,無,,2025/11/10,S47
白金4,主流,雷熱,巳劍,O,後攻,白之森,刻魔聖徒,,2025/11/11,S47
金2,烙印,閃刀姬,無,O,先攻,尤貝爾,無,,2025/11/11,S47
金2,烙印,閃刀姬,無,X,後攻,天琴,刻魔,,2025/11/11,S47
金2,烙印,閃刀姬,無,O,後攻,閃刀姬,無,,2025/11/11,S47
白金4,主流,雷熱,巳劍,X,後攻,海皇,無,,2025/11/12,S47
白金4,主流,雷熱,巳劍,O,後攻,烙印,無,,2025/11/12,S47
白金4,主流,雷熱,巳劍,O,後攻,寶石,珠淚,升白金3,2025/11/12,S47
白金3,主流,雷熱,巳劍,O,先攻,巳劍,刻魔,,2025/11/12,S47
金1,烙印,閃刀姬,無,O,先攻,白龍,紅惡魔龍,,2025/11/12,S47
金1,烙印,閃刀姬,無,O,先攻,Unknown,無,,2025/11/16,S47
金1,烙印,閃刀姬,無,O,先攻,Unknown,無,,2025/11/16,S47
金1,烙印,閃刀姬,無,X,後攻,月光,無,,2025/11/16,S47
金1,烙印,閃刀姬,無,X,後攻,千年,無,,2025/11/16,S47
金1,烙印,閃刀姬,無,X,後攻,大植然,無,,2025/11/16,S47
金1,烙印,閃刀姬,無,X,後攻,紅惡魔龍,百夫,,2025/11/16,S47
金1,烙印,閃刀姬,無,O,後攻,Meta Beat,無,升白金5,2025/11/16,S47
白金5,烙印,閃刀姬,無,O,先攻,白銀城,無,,2025/11/16,S47
白金5,烙印,閃刀姬,無,O,後攻,同步GS,無,,2025/11/16,S47
白金5,烙印,閃刀姬,無,O,後攻,燒血,無,,2025/11/16,S47
白金5,烙印,閃刀姬,無,O,後攻,白銀城,無,升白金4,2025/11/16,S47
白金4,烙印,閃刀姬,無,O,先攻,DDD,無,,2025/11/17,S47
白金4,烙印,閃刀姬,無,O,先攻,白龍,天盃,,2025/11/17,S47
白金4,烙印,閃刀姬,無,O,先攻,閃刀姬,無,,2025/11/17,S47
白金4,烙印,閃刀姬,無,O,後攻,天琴,刻魔,,2025/11/17,S47
白金3,烙印,閃刀姬,無,O,後攻,紅惡魔龍,無,,2025/11/17,S47
白金3,烙印,閃刀姬,無,X,先攻,電子龍,無,,2025/11/17,S47
白金3,烙印,閃刀姬,無,O,先攻,龍女僕,天盃,,2025/11/17,S47
白金3,烙印,閃刀姬,無,O,後攻,天琴,刻魔,,2025/11/17,S47
白金3,主流,雷熱,巳劍,O,後攻,再世,64壞,,2025/11/25,S47
白金3,烙印,閃刀姬,無,O,先攻,雷熱,刻魔,,2025/11/25,S47
白金3,烙印,閃刀姬,無,O,後攻,白龍,原石,升白金2,2025/11/25,S47
白金3,主流,雷熱,巳劍,O,後攻,白之森,刻魔,,2025/11/26,S47
白金3,主流,雷熱,巳劍,O,先攻,御巫,無,升白金2,2025/11/26,S47
白金2,烙印,閃刀姬,無,X,後攻,旅鳥,無,,2025/11/26,S47
白金2,烙印,閃刀姬,無,O,先攻,閃刀姬,無,,2025/11/26,S47
白金2,主流,雷熱,巳劍,O,後攻,瑪麗絲,無,,2025/11/27,S47
白金2,烙印,閃刀姬,無,O,後攻,月光,無,,2025/11/27,S47
白金2,烙印,閃刀姬,無,O,後攻,龍女僕,征龍,,2025/11/27,S47
白金2,主流,雷熱,巳劍,O,先攻,白銀城,無,對手讓先,2025/11/28,S47
白金2,主流,雷熱,巳劍,O,先攻,瑪麗絲,無,,2025/11/28,S47
白金2,烙印,閃刀姬,無,O,先攻,Meta Beat,無,,2025/11/28,S47
白金1,烙印,閃刀姬,無,O,先攻,天琴,巳劍,,2025/11/28,S47
白金2,主流,雷熱,巳劍,O,先攻,天琴,刻魔,升白金1,2025/11/29,S47
白金1,烙印,閃刀姬,無,X,後攻,瑪麗絲,無,,2025/11/29,S47
白金1,烙印,閃刀姬,無,X,後攻,天琴,巳劍,,2025/11/29,S47
白金1,烙印,閃刀姬,無,O,先攻,白之森,刻魔聖徒,,2025/11/29,S47
白金1,烙印,閃刀姬,無,X,後攻,烙印,無,,2025/11/29,S47
白金1,烙印,閃刀姬,無,X,後攻,月光,無,,2025/11/29,S47
白金1,烙印,閃刀姬,無,O,先攻,天盃,無,對手讓先,2025/11/29,S47
白金1,主流,雷熱,巳劍,X,後攻,天琴,無,,2025/11/30,S47
白金1,主流,雷熱,巳劍,X,後攻,Unknown,無,,2025/11/30,S47
白金1,主流,雷熱,巳劍,X,先攻,白之森,無,,2025/11/30,S47
白金1,主流,雷熱,巳劍,O,先攻,水晶機巧,無,,2025/11/30,S47
白金1,主流,雷熱,巳劍,O,後攻,64壞,無,,2025/11/30,S47
白金1,主流,雷熱,巳劍,O,先攻,奇美拉,刻魔,,2025/11/30,S47
白金1,烙印,閃刀姬,無,X,後攻,天琴,無,,2025/11/30,S47
白金1,烙印,閃刀姬,無,X,後攻,再世,64壞,,2025/11/30,S47
白金1,烙印,閃刀姬,無,O,先攻,Unknown,無,,2025/11/30,S47
白金1,烙印,閃刀姬,無,O,後攻,閃刀姬,無,,2025/11/30,S47
白金1,烙印,閃刀姬,無,O,後攻,燒血,無,,2025/11/30,S47
鑽5,烙印,閃刀姬,無,O,先攻,記憶物,無,升鑽5,2025/11/30,S47
鑽5,烙印,閃刀姬,無,O,先攻,瑪麗絲,無,,2025/11/30,S47
鑽5,烙印,閃刀姬,無,O,先攻,龍輝巧,無,,2025/11/30,S47
鑽5,烙印,閃刀姬,無,X,先攻,雷熱,無,,2025/11/30,S47
鑽5,烙印,閃刀姬,無,O,後攻,白銀城,無,,2025/11/30,S47
鑽5,烙印,閃刀姬,無,O,後攻,Meta Beat,無,,2025/11/30,S47
鑽5,烙印,閃刀姬,無,O,後攻,閃刀姬,無,,2025/11/30,S47
金5,主流,雷熱,巳劍,O,先攻,閃刀姬,無,,2025/12/1,S48
金5,主流,雷熱,巳劍,O,先攻,真紅眼,無,,2025/12/3,S48
白金5,烙印,閃刀姬,無,O,後攻,白之森,無,,2025/12/3,S48
白金5,烙印,閃刀姬,無,O,先攻,64壞,無,,2025/12/3,S48
金5,主流,雷熱,巳劍,O,後攻,閃刀姬,無,,2025/12/4,S48
金5,主流,雷熱,巳劍,O,後攻,龍女僕,無,升金4,2025/12/4,S48
白金5,烙印,閃刀姬,無,O,先攻,閃刀姬,無,,2025/12/4,S48
金4,主流,雷熱,巳劍,O,先攻,閃刀姬,無,,2025/12/5,S48
金4,主流,雷熱,巳劍,X,先攻,雷熱,無,,2025/12/5,S48
金4,主流,雷熱,巳劍,O,先攻,烙印,無,,2025/12/5,S48
白金5,烙印,閃刀姬,無,O,先攻,荷魯斯,無,升白金4,2025/12/5,S48
金4,主流,雷熱,巳劍,X,後攻,閃刀姬,無,,2025/12/6,S48
金4,主流,雷熱,巳劍,O,先攻,奇美拉,刻魔,,2025/12/6,S48
白金4,烙印,閃刀姬,無,O,後攻,Meta Beat,無,,2025/12/6,S48
金4,主流,雷熱,巳劍,O,先攻,閃刀姬,無,升金3,2025/12/7,S48
白金4,烙印,閃刀姬,無,X,先攻,黃金卿,無,,2025/12/7,S48
白金4,烙印,閃刀姬,無,X,後攻,白之森,聖徒,,2025/12/7,S48
白金4,烙印,閃刀姬,無,O,先攻,閃刀姬,無,,2025/12/7,S48
金3,主流,雷熱,巳劍,O,先攻,巳劍,刻魔,,2025/12/8,S48
白金4,烙印,閃刀姬,無,X,先攻,天盃,無,,2025/12/8,S48
白金4,烙印,閃刀姬,無,O,先攻,雷熱,巳劍,,2025/12/8,S48
金3,主流,雷熱,巳劍,O,後攻,尤貝爾,破械,,2025/12/17,S48
白金4,烙印,閃刀姬,無,O,先攻,Meta Beat,無,,2025/12/20,S48
白金4,烙印,閃刀姬,無,X,先攻,星辰,影依,,2025/12/20,S48
白金4,烙印,閃刀姬,無,O,先攻,炎獸,無,,2025/12/20,S48
金3,主流,雷熱,巳劍,O,後攻,巳劍,刻魔,,2025/12/20,S48
金2,主流,雷熱,巳劍,O,先攻,Unknown,無,升金2,2025/12/20,S48
金2,主流,雷熱,巳劍,O,先攻,Unknown,無,,2025/12/20,S48
金2,主流,雷熱,巳劍,O,後攻,燒血,無,,2025/12/20,S48
金2,主流,雷熱,巳劍,O,先攻,Unknown,無,,2025/12/20,S48
金2,主流,雷熱,巳劍,X,先攻,恐啡肽,無,,2025/12/20,S48
金2,主流,雷熱,巳劍,O,後攻,相劍,無,升金1,2025/12/20,S48
金1,主流,雷熱,巳劍,O,先攻,白之森,無,,2025/12/21,S48
金1,主流,雷熱,巳劍,O,先攻,白之森,刻魔,,2025/12/21,S48
金1,主流,雷熱,巳劍,O,後攻,白龍,原石,,2025/12/21,S48
白金4,烙印,閃刀姬,無,O,先攻,HERO,無,,2025/12/21,S48
白金4,烙印,閃刀姬,無,O,先攻,星辰,烙印,升白金3,2025/12/21,S48
金1,主流,星辰,偉魔,X,後攻,星辰,烙印,,2025/12/21,S48
金1,主流,星辰,偉魔,O,後攻,Unknown,無,升白金5,2025/12/21,S48
白金5,主流,星辰,偉魔,X,先攻,星辰,無,吃了3張G...,2025/12/21,S48
白金5,主流,星辰,偉魔,X,後攻,白之森,無,,2025/12/21,S48
白金5,主流,星辰,偉魔,O,先攻,蛇眼,刻魔,,2025/12/21,S48
白金3,烙印,閃刀姬,無,O,後攻,白之森,聖徒,,2025/12/21,S48
白金3,烙印,神藝,烙印,X,後攻,白龍,原石,,2025/12/21,S48
白金3,烙印,神藝,烙印,X,後攻,星辰,烙印,,2025/12/21,S48
白金3,烙印,神藝,烙印,X,先攻,星辰,無,,2025/12/21,S48
白金3,烙印,神藝,烙印,X,後攻,星辰,烙印,,2025/12/21,S48
白金3,烙印,神藝,烙印,O,先攻,利希德,無,,2025/12/21,S48
白金3,烙印,神藝,烙印,X,後攻,寶石,珠淚,,2025/12/21,S48
白金3,烙印,神藝,烙印,O,後攻,巳劍,雷熱,,2025/12/21,S48
白金3,烙印,神藝,烙印,O,先攻,天盃,無,,2025/12/21,S48
白金3,烙印,神藝,烙印,X,先攻,神碑,無,,2025/12/21,S48
白金3,烙印,神藝,烙印,X,先攻,Meta Beat,無,,2025/12/21,S48
白金3,烙印,神藝,烙印,O,後攻,白龍,原石,,2025/12/21,S48
白金3,烙印,神藝,烙印,O,先攻,HERO,無,,2025/12/21,S48
白金3,烙印,神藝,烙印,O,先攻,白銀城,無,,2025/12/21,S48
白金3,烙印,神藝,烙印,X,後攻,64壞,無,,2025/12/21,S48
白金3,烙印,神藝,烙印,X,後攻,星辰,影依,,2025/12/21,S48
白金3,烙印,神藝,烙印,O,後攻,龍女僕,無,,2025/12/21,S48
白金3,烙印,神藝,烙印,X,先攻,斬機,無,,2025/12/21,S48
白金3,烙印,神藝,烙印,O,先攻,烙印,無,,2025/12/21,S48
白金3,烙印,神藝,烙印,X,先攻,白銀城,無,,2025/12/21,S48
白金3,烙印,神藝,烙印,O,後攻,白龍,原石,,2025/12/21,S48
白金3,烙印,神藝,烙印,O,後攻,紅惡魔龍,無,,2025/12/21,S48
白金3,烙印,神藝,烙印,O,先攻,星辰,偉魔,升白金2,2025/12/21,S48
白金5,主流,星辰,偉魔,O,後攻,白龍,原石,,2025/12/23,S48
白金5,主流,星辰,偉魔,O,後攻,雷精,無,,2025/12/23,S48
白金5,主流,星辰,偉魔,O,先攻,白銀城,破械,升白金4,2025/12/23,S48
白金4,主流,星辰,偉魔,O,先攻,閃刀姬,無,,2025/12/23,S48
白金2,烙印,神藝,烙印,O,後攻,珠淚,光道,,2025/12/23,S48
白金2,烙印,神藝,烙印,X,後攻,紅惡魔龍,無,,2025/12/23,S48
白金2,烙印,神藝,烙印,X,後攻,雷熱,擬聲,,2025/12/23,S48
白金2,烙印,神藝,烙印,O,先攻,龍女僕,無,,2025/12/23,S48
白金2,烙印,神藝,烙印,O,先攻,瑪麗絲,無,,2025/12/23,S48
白金2,烙印,神藝,烙印,X,先攻,瑪麗絲,無,中兩張G,2025/12/23,S48
白金2,烙印,神藝,烙印,O,先攻,百夫,無,,2025/12/23,S48
白金2,烙印,神藝,烙印,O,先攻,百夫,無,,2025/12/23,S48
白金2,烙印,神藝,烙印,X,後攻,寶石,刻魔,,2025/12/23,S48
白金2,烙印,神藝,烙印,O,先攻,64壞,無,,2025/12/23,S48
白金1,烙印,神藝,烙印,O,先攻,大植然,無,升白金1,2025/12/23,S48
白金1,烙印,神藝,烙印,X,先攻,閃刀姬,無,卡手,2025/12/23,S48
白金1,烙印,神藝,烙印,X,後攻,紅惡魔龍,無,,2025/12/23,S48
白金1,烙印,神藝,烙印,X,後攻,64壞,無,,2025/12/23,S48
白金1,烙印,神藝,烙印,X,先攻,斬機,無,吃鎖 降白金2,2025/12/23,S48
白金2,烙印,神藝,烙印,O,先攻,白之森,無,,2025/12/23,S48
白金2,烙印,神藝,烙印,O,先攻,白之森,無,,2025/12/23,S48
白金2,烙印,神藝,烙印,X,後攻,HERO,無,,2025/12/23,S48
白金2,烙印,神藝,烙印,O,後攻,利希德,無,,2025/12/23,S48
白金2,烙印,神藝,烙印,O,後攻,神碑,無,,2025/12/23,S48
白金2,烙印,神藝,烙印,X,後攻,巳劍,刻魔,,2025/12/24,S48
白金2,烙印,神藝,烙印,O,後攻,白龍,荷魯斯,,2025/12/24,S48
白金2,烙印,神藝,烙印,O,後攻,雷熱,擬聲,升白金1,2025/12/24,S48
白金1,烙印,神藝,烙印,X,先攻,瑪麗絲,無,失誤,2025/12/24,S48
白金1,烙印,神藝,烙印,O,先攻,雷熱,擬聲,中G 小失誤,2025/12/24,S48
白金1,烙印,神藝,烙印,O,後攻,白龍,肅聲,,2025/12/24,S48
白金1,烙印,神藝,烙印,O,先攻,星辰,烙印,中G,2025/12/24,S48
白金1,烙印,神藝,烙印,X,先攻,星辰,影依,卡手,2025/12/24,S48
白金1,烙印,神藝,烙印,O,先攻,巳劍,無,,2025/12/25,S48
白金1,烙印,神藝,烙印,O,先攻,星辰,無,升鑽5,2025/12/25,S48
鑽5,烙印,神藝,烙印,X,先攻,白銀城,無,中兩張G 真不爽,2025/12/26,S48
鑽5,烙印,神藝,烙印,X,後攻,巳劍,無,,2025/12/26,S48
鑽5,烙印,神藝,烙印,O,先攻,白龍,原石,,2025/12/26,S48
鑽5,烙印,神藝,烙印,O,後攻,巳劍,天琴,,2025/12/26,S48
鑽5,烙印,神藝,烙印,O,後攻,魔彈,刻魔,,2025/12/26,S48
鑽5,烙印,神藝,烙印,X,後攻,閃刀姬,無,,2025/12/28,S48
鑽5,烙印,神藝,烙印,X,先攻,星辰,無,先攻卡手,2025/12/28,S48
鑽5,烙印,神藝,烙印,X,先攻,星辰,烙印,,2025/12/28,S48
鑽5,烙印,神藝,烙印,X,後攻,雷精,雙子,,2025/12/28,S48
鑽5,烙印,神藝,烙印,O,後攻,珠淚,刻魔,,2025/12/28,S48
鑽5,烙印,神藝,烙印,X,後攻,神藝,刻魔,,2025/12/28,S48
鑽5,烙印,神藝,烙印,O,後攻,白之森,聖徒,,2025/12/28,S48
鑽5,烙印,神藝,烙印,X,先攻,霸王,魔術師,先攻卡手,2025/12/28,S48
鑽5,烙印,神藝,烙印,X,後攻,肅聲,無,,2025/12/28,S48
鑽5,烙印,神藝,烙印,X,先攻,閃刀姬,聖徒,,2025/12/28,S48
鑽5,烙印,星辰,烙印,O,先攻,神碑,無,,2025/12/28,S48
鑽5,烙印,星辰,烙印,O,後攻,閃刀姬,無,,2025/12/28,S48
鑽5,烙印,星辰,烙印,X,先攻,白銀城,無,卡手,2025/12/28,S48
鑽5,烙印,星辰,烙印,O,先攻,閃刀姬,天盃,對手讓先,2025/12/28,S48
鑽5,烙印,星辰,烙印,X,後攻,星辰,無,,2025/12/28,S48
鑽5,烙印,星辰,烙印,X,先攻,瑪麗絲,無,,2025/12/28,S48
鑽5,烙印,星辰,烙印,O,先攻,蛇眼,千年,卡,2025/12/28,S48
鑽5,烙印,星辰,烙印,O,先攻,巳劍,無,,2025/12/28,S48
鑽5,烙印,星辰,烙印,X,後攻,星辰,刻魔,,2025/12/28,S48
鑽5,烙印,星辰,烙印,O,先攻,古巨基,無,對手讓先,2025/12/28,S48
鑽5,烙印,星辰,烙印,O,後攻,刻魔,雙子,,2025/12/28,S48
鑽5,烙印,星辰,烙印,O,後攻,珠淚,刻魔,升鑽4,2025/12/28,S48
鑽4,烙印,星辰,烙印,X,先攻,白之森,無,先攻卡手,2025/12/29,S48
鑽4,烙印,星辰,烙印,O,後攻,白銀城,無,,2025/12/29,S48
鑽4,烙印,星辰,烙印,O,後攻,星辰,烙印,,2025/12/29,S48
鑽4,烙印,星辰,烙印,O,先攻,白龍,原石,,2025/12/29,S48
鑽4,烙印,星辰,烙印,O,先攻,白龍,原石,先攻卡手 升鑽3,2025/12/30,S48
鑽3,烙印,星辰,烙印,O,先攻,白銀城,無,,2025/12/31,S48
鑽3,烙印,星辰,烙印,X,後攻,純愛,無,,2025/12/31,S48
鑽3,烙印,星辰,烙印,O,先攻,星辰,無,龍女僕,2025/12/31,S48
鑽3,烙印,星辰,烙印,X,後攻,銀河眼,無,,2025/12/31,S48
鑽3,烙印,星辰,烙印,O,後攻,星辰,烙印,,2025/12/31,S48
鑽3,烙印,星辰,烙印,O,後攻,閃刀姬,無,,2025/12/31,S48
鑽3,烙印,星辰,烙印,X,先攻,星辰,烙印,,2025/12/31,S48
鑽3,烙印,星辰,烙印,X,後攻,龍輝巧,無,,2025/12/31,S48
鑽3,烙印,星辰,烙印,O,後攻,瑪麗絲,無,,2025/12/31,S48
鑽3,烙印,星辰,烙印,O,後攻,寶石,珠淚,,2025/12/31,S48
鑽3,烙印,星辰,烙印,O,先攻,尤貝爾,破械,先攻卡手,2025/12/31,S48
鑽3,烙印,星辰,烙印,X,後攻,星辰,烙印,,2025/12/31,S48
鑽3,烙印,星辰,烙印,X,後攻,百夫,勇者,,2025/12/31,S48
鑽3,烙印,星辰,烙印,X,先攻,閃刀姬,天琴,先攻卡手,2025/12/31,S48
鑽3,烙印,星辰,烙印,X,後攻,雷熱,巳劍,,2025/12/31,S48
鑽3,烙印,星辰,烙印,O,先攻,龐克,無,,2025/12/31,S48
鑽3,烙印,星辰,烙印,O,後攻,雷熱,巳劍,,2025/12/31,S48
鑽3,烙印,星辰,烙印,O,先攻,白之森,無,,2025/12/31,S48
鑽3,烙印,星辰,烙印,O,先攻,巳劍,刻魔,升鑽2,2025/12/31,S48
鑽2,烙印,星辰,烙印,O,先攻,天琴,刻魔,,2025/12/31,S48
鑽2,烙印,星辰,烙印,X,後攻,星辰,烙印,,2025/12/31,S48
鑽2,烙印,星辰,烙印,O,先攻,利希德,無,,2025/12/31,S48
鑽2,烙印,星辰,烙印,X,先攻,瑪麗絲,無,,2025/12/31,S48
鑽2,烙印,星辰,烙印,O,後攻,白銀城,無,,2025/12/31,S48
鑽2,烙印,星辰,烙印,X,後攻,寶石,珠淚,,2025/12/31,S48
鑽2,烙印,星辰,烙印,O,先攻,白龍,原石,,2025/12/31,S48
鑽2,烙印,星辰,烙印,X,先攻,利希德,無,,2025/12/31,S48
鑽2,烙印,星辰,烙印,X,先攻,天琴,刻魔,,2025/12/31,S48
鑽2,烙印,神藝,烙印,O,後攻,尤貝爾,破械,,2025/12/31,S48
鑽2,烙印,神藝,烙印,O,先攻,閃刀姬,無,,2025/12/31,S48
鑽2,烙印,神藝,烙印,X,後攻,利希德,原石,,2025/12/31,S48
鑽2,烙印,神藝,烙印,X,後攻,星辰,烙印,,2025/12/31,S48
鑽2,烙印,神藝,烙印,O,後攻,烙印,無,,2025/12/31,S48
鑽2,烙印,神藝,烙印,O,先攻,星辰,偉魔,,2025/12/31,S48
鑽2,烙印,神藝,烙印,X,後攻,瑪麗絲,無,,2025/12/31,S48
鑽2,烙印,閃刀姬,無,O,後攻,Unknown,無,,2025/12/31,S48
鑽2,烙印,閃刀姬,無,X,先攻,聖徒,無,,2025/12/31,S48
鑽2,烙印,閃刀姬,無,O,後攻,星辰,原石,,2025/12/31,S48
鑽2,烙印,閃刀姬,無,O,先攻,百夫,白之森,,2025/12/31,S48
鑽2,烙印,閃刀姬,無,O,先攻,寶石,無,對手讓先 升鑽一,2025/12/31,S48
鑽1,烙印,雷熱,巳劍,X,先攻,荷魯斯,刻魔,先攻 卡手,2025/12/31,S48
鑽1,烙印,雷熱,巳劍,O,先攻,百夫,無,,2025/12/31,S48
白金5,烙印,神藝,烙印,O,先攻,霸王,幻奏,打錯,2026/1/4,S49
白金5,烙印,神藝,烙印,X,後攻,雷熱,擬聲,,2026/1/6,S49
白金5,烙印,神藝,烙印,O,後攻,星辰,龍女僕,,2026/1/6,S49
白金5,烙印,神藝,烙印,O,先攻,白銀城,無,,2026/1/6,S49
白金5,烙印,神藝,烙印,O,先攻,Meta Beat,無,,2026/1/7,S49
白金5,烙印,神藝,烙印,O,先攻,DDD,無,升白金4,2026/1/8,S49
白金4,烙印,神藝,烙印,O,後攻,紅惡魔龍,無,,2026/1/9,S49
白金4,烙印,神藝,烙印,X,後攻,美味,巳劍,,2026/1/9,S49
白金4,烙印,神藝,烙印,X,後攻,Unknown,無,巨石,2026/1/9,S49
白金4,烙印,神藝,烙印,X,先攻,龐克,無,垃圾手牌,2026/1/9,S49
白金4,烙印,神藝,烙印,X,先攻,DDD,無,吃了兩張G,2026/1/9,S49
白金4,烙印,神藝,烙印,X,後攻,Meta Beat,無,降白金五 這一連串運氣超差 差點氣死,2026/1/9,S49
白金5,烙印,神藝,烙印,O,先攻,天盃,無,,2026/1/9,S49
白金5,烙印,神藝,烙印,X,後攻,DDD,無,,2026/1/9,S49
白金5,烙印,神藝,烙印,O,先攻,記憶物,無,,2026/1/9,S49
白金5,烙印,閃刀姬,無,O,先攻,龍女僕,64壞,,2026/1/9,S49
白金5,烙印,閃刀姬,無,O,先攻,荷魯斯,無,,2026/1/10,S49
白金5,烙印,閃刀姬,無,O,後攻,瑪麗絲,珠淚,升回白金4,2026/1/11,S49
白金4,烙印,閃刀姬,無,X,先攻,天盃,無,對手讓先,2026/1/12,S49
白金4,烙印,閃刀姬,無,O,先攻,閃刀姬,無,,2026/1/12,S49